13,1,1,1,103,12594,15055,104.894 321 494 273.319 535 412 310.573 485 363 347.588 494 280 214.641 685 233 ,Click1,0,347,493,16169,NA
13,1,1,1,103,12594,15055,104.894 321 494 273.319 535 412 310.573 485 363 347.588 494 280 214.641 685 233 ,Click1,1,478,385,17057,NA
13,1,1,1,103,12594,15055,104.894 321 494 273.319 535 412 310.573 485 363 347.588 494 280 214.641 685 233 ,Click1,2,540,436,17639,NA
13,1,1,1,103,12594,15055,104.894 321 494 273.319 535 412 310.573 485 363 347.588 494 280 214.641 685 233 ,Click1,3,494,293,18152,NA
13,1,1,1,103,12594,15055,104.894 321 494 273.319 535 412 310.573 485 363 347.588 494 280 214.641 685 233 ,Click1,4,658,254,18863,NA
13,1,1,1,103,12594,15055,104.894 321 494 273.319 535 412 310.573 485 363 347.588 494 280 214.641 685 233 ,Summary,NA,NA,NA,18875,0.24
13,1,1,2,184,24051,25961,-3.98888 489 504 277.132 560 227 127.531 672 362 24.8494 648 334 23.4543 765 228 ,Click1,0,482,530,27054,NA
13,1,1,2,184,24051,25961,-3.98888 489 504 277.132 560 227 127.531 672 362 24.8494 648 334 23.4543 765 228 ,Click1,1,654,370,27687,NA
13,1,1,2,184,24051,25961,-3.98888 489 504 277.132 560 227 127.531 672 362 24.8494 648 334 23.4543 765 228 ,Click1,2,635,339,28064,NA
13,1,1,2,184,24051,25961,-3.98888 489 504 277.132 560 227 127.531 672 362 24.8494 648 334 23.4543 765 228 ,Click1,3,568,246,28503,NA
13,1,1,2,184,24051,25961,-3.98888 489 504 277.132 560 227 127.531 672 362 24.8494 648 334 23.4543 765 228 ,Click1,4,733,227,29094,NA
13,1,1,2,184,24051,25961,-3.98888 489 504 277.132 560 227 127.531 672 362 24.8494 648 334 23.4543 765 228 ,Summary,NA,NA,NA,29104,0.23
13,1,1,3,323,31019,34286,337.898 527 459 186.857 572 223 243.734 489 531 201.522 443 312 354.369 534 273 ,Click1,0,504,553,35258,NA
13,1,1,3,323,31019,34286,337.898 527 459 186.857 572 223 243.734 489 531 201.522 443 312 354.369 534 273 ,Click1,1,536,461,35688,NA
13,1,1,3,323,31019,34286,337.898 527 459 186.857 572 223 243.734 489 531 201.522 443 312 354.369 534 273 ,Click1,2,450,328,36231,NA
13,1,1,3,323,31019,34286,337.898 527 459 186.857 572 223 243.734 489 531 201.522 443 312 354.369 534 273 ,Click1,3,527,290,36584,NA
13,1,1,3,323,31019,34286,337.898 527 459 186.857 572 223 243.734 489 531 201.522 443 312 354.369 534 273 ,Click1,4,628,230,37072,NA
13,1,1,3,323,31019,34286,337.898 527 459 186.857 572 223 243.734 489 531 201.522 443 312 354.369 534 273 ,Summary,NA,NA,NA,37080,0.25
13,2,3,4,389,41262,42845,347.032 675 412 189.252 418 208 237.409 407 400 343.164 382 272 0.671545 689 270 ,Click2,1,3,3,44216,1
13,2,3,4,389,41262,42845,347.032 675 412 189.252 418 208 237.409 407 400 343.164 382 272 0.671545 689 270 ,Click2,2,4,4,45057,1
13,2,3,5,475,45058,47060,274.19 805 311 123.855 280 316 309.344 350 550 345.198 569 220 152.855 608 347 ,Click2,1,3,3,49544,1
13,2,3,5,475,45058,47060,274.19 805 311 123.855 280 316 309.344 350 550 345.198 569 220 152.855 608 347 ,Click2,2,4,5,51472,0
13,2,3,6,591,51473,54262,134.878 680 274 11.6616 403 419 182.323 409 371 97.0046 518 487 317.366 452 421 ,Click2,1,4,4,55600,1
13,2,3,6,591,51473,54262,134.878 680 274 11.6616 403 419 182.323 409 371 97.0046 518 487 317.366 452 421 ,Click2,2,2,1,57240,0
13,3,5,7,685,59738,62008,134.565 495 395 4.51874 619 458 349.419 479 311 316.947 671 366 13.6651 368 519 ,ANGLE,5,368,519,256.335,-74,64017,29.6651
13,3,5,8,783,64020,66461,326.583 578 332 262.922 705 377 311.046 691 214 128.839 752 335 280.436 581 480 ,ANGLE,2,705,377,7.07833,26,68513,18.9217
13,3,5,9,901,68516,71436,175.859 479 248 212.369 449 247 164.244 507 424 229.153 573 470 14.088 771 348 ,ANGLE,3,507,424,105.756,101,73418,4.75605
13,4,1,10,1041,75770,79237,59.5836 249 281 143.359 315 377 9.29943 602 241 74.8549 516 498 154.03 528 461 ,Click1,0,277,266,80231,NA
13,4,1,10,1041,75770,79237,59.5836 249 281 143.359 315 377 9.29943 602 241 74.8549 516 498 154.03 528 461 ,Click1,1,362,396,80832,NA
13,4,1,10,1041,75770,79237,59.5836 249 281 143.359 315 377 9.29943 602 241 74.8549 516 498 154.03 528 461 ,Click1,2,480,389,81489,NA
13,4,1,10,1041,75770,79237,59.5836 249 281 143.359 315 377 9.29943 602 241 74.8549 516 498 154.03 528 461 ,Click1,3,515,437,81951,NA
13,4,1,10,1041,75770,79237,59.5836 249 281 143.359 315 377 9.29943 602 241 74.8549 516 498 154.03 528 461 ,Click1,4,556,255,82505,NA
13,4,1,10,1041,75770,79237,59.5836 249 281 143.359 315 377 9.29943 602 241 74.8549 516 498 154.03 528 461 ,Summary,NA,NA,NA,82514,0.46
13,4,1,11,1186,84097,87713,365.181 456 495 25.3137 536 532 136.889 556 292 116.647 592 458 159.204 707 360 ,Click1,0,449,495,88856,NA
13,4,1,11,1186,84097,87713,365.181 456 495 25.3137 536 532 136.889 556 292 116.647 592 458 159.204 707 360 ,Click1,1,549,522,89418,NA
13,4,1,11,1186,84097,87713,365.181 456 495 25.3137 536 532 136.889 556 292 116.647 592 458 159.204 707 360 ,Click1,2,598,414,89969,NA
13,4,1,11,1186,84097,87713,365.181 456 495 25.3137 536 532 136.889 556 292 116.647 592 458 159.204 707 360 ,Click1,3,687,361,90447,NA
13,4,1,11,1186,84097,87713,365.181 456 495 25.3137 536 532 136.889 556 292 116.647 592 458 159.204 707 360 ,Click1,4,522,304,91072,NA
13,4,1,11,1186,84097,87713,365.181 456 495 25.3137 536 532 136.889 556 292 116.647 592 458 159.204 707 360 ,Summary,NA,NA,NA,91082,0.25
13,4,1,12,1323,92563,96002,5.18117 794 486 196.098 468 487 137.012 289 501 185.653 250 531 229.2 425 334 ,Click1,0,282,518,96936,NA
13,4,1,12,1323,92563,96002,5.18117 794 486 196.098 468 487 137.012 289 501 185.653 250 531 229.2 425 334 ,Click1,1,327,476,97457,NA
13,4,1,12,1323,92563,96002,5.18117 794 486 196.098 468 487 137.012 289 501 185.653 250 531 229.2 425 334 ,Click1,2,452,483,97953,NA
13,4,1,12,1323,92563,96002,5.18117 794 486 196.098 468 487 137.012 289 501 185.653 250 531 229.2 425 334 ,Click1,3,430,356,98497,NA
13,4,1,12,1323,92563,96002,5.18117 794 486 196.098 468 487 137.012 289 501 185.653 250 531 229.2 425 334 ,Click1,4,693,483,99112,NA
13,4,1,12,1323,92563,96002,5.18117 794 486 196.098 468 487 137.012 289 501 185.653 250 531 229.2 425 334 ,Summary,NA,NA,NA,99127,0.4
13,4,1,13,1440,101266,104312,188.931 572 295 346.926 409 379 265.09 250 313 221.063 687 444 76.5092 390 328 ,Click1,0,247,298,105395,NA
13,4,1,13,1440,101266,104312,188.931 572 295 346.926 409 379 265.09 250 313 221.063 687 444 76.5092 390 328 ,Click1,1,383,323,105995,NA
13,4,1,13,1440,101266,104312,188.931 572 295 346.926 409 379 265.09 250 313 221.063 687 444 76.5092 390 328 ,Click1,2,391,361,106448,NA
13,4,1,13,1440,101266,104312,188.931 572 295 346.926 409 379 265.09 250 313 221.063 687 444 76.5092 390 328 ,Click1,3,493,273,107033,NA
13,4,1,13,1440,101266,104312,188.931 572 295 346.926 409 379 265.09 250 313 221.063 687 444 76.5092 390 328 ,Click1,4,752,524,107752,NA
13,4,1,13,1440,101266,104312,188.931 572 295 346.926 409 379 265.09 250 313 221.063 687 444 76.5092 390 328 ,Summary,NA,NA,NA,107764,0.47
13,4,1,14,1570,109131,112436,61.9384 336 234 334.956 723 305 7.12331 305 438 165.721 631 449 19.8617 387 288 ,Click1,0,306,434,113528,NA
13,4,1,14,1570,109131,112436,61.9384 336 234 334.956 723 305 7.12331 305 438 165.721 631 449 19.8617 387 288 ,Click1,1,389,289,114144,NA
13,4,1,14,1570,109131,112436,61.9384 336 234 334.956 723 305 7.12331 305 438 165.721 631 449 19.8617 387 288 ,Click1,2,356,238,114561,NA
13,4,1,14,1570,109131,112436,61.9384 336 234 334.956 723 305 7.12331 305 438 165.721 631 449 19.8617 387 288 ,Click1,3,660,313,115112,NA
13,4,1,14,1570,109131,112436,61.9384 336 234 334.956 723 305 7.12331 305 438 165.721 631 449 19.8617 387 288 ,Click1,4,638,443,115584,NA
13,4,1,14,1570,109131,112436,61.9384 336 234 334.956 723 305 7.12331 305 438 165.721 631 449 19.8617 387 288 ,Summary,NA,NA,NA,115597,0.2
13,4,1,15,1705,117195,120797,177.365 457 542 338.503 528 450 22.7783 641 536 261.568 404 443 141.8 422 412 ,Click1,0,422,408,121682,NA
13,4,1,15,1705,117195,120797,177.365 457 542 338.503 528 450 22.7783 641 536 261.568 404 443 141.8 422 412 ,Click1,1,404,443,122184,NA
13,4,1,15,1705,117195,120797,177.365 457 542 338.503 528 450 22.7783 641 536 261.568 404 443 141.8 422 412 ,Click1,2,534,441,122704,NA
13,4,1,15,1705,117195,120797,177.365 457 542 338.503 528 450 22.7783 641 536 261.568 404 443 141.8 422 412 ,Click1,3,452,535,123201,NA
13,4,1,15,1705,117195,120797,177.365 457 542 338.503 528 450 22.7783 641 536 261.568 404 443 141.8 422 412 ,Click1,4,618,515,123753,NA
13,4,1,15,1705,117195,120797,177.365 457 542 338.503 528 450 22.7783 641 536 261.568 404 443 141.8 422 412 ,Summary,NA,NA,NA,123762,0.12
13,4,1,16,1821,126210,129214,338.79 402 465 182.163 560 246 201.16 533 490 64.3282 481 439 205.35 446 387 ,Click1,0,386,495,130265,NA
13,4,1,16,1821,126210,129214,338.79 402 465 182.163 560 246 201.16 533 490 64.3282 481 439 205.35 446 387 ,Click1,1,449,373,130792,NA
13,4,1,16,1821,126210,129214,338.79 402 465 182.163 560 246 201.16 533 490 64.3282 481 439 205.35 446 387 ,Click1,2,494,420,131322,NA
13,4,1,16,1821,126210,129214,338.79 402 465 182.163 560 246 201.16 533 490 64.3282 481 439 205.35 446 387 ,Click1,3,583,489,131784,NA
13,4,1,16,1821,126210,129214,338.79 402 465 182.163 560 246 201.16 533 490 64.3282 481 439 205.35 446 387 ,Click1,4,574,270,132448,NA
13,4,1,16,1821,126210,129214,338.79 402 465 182.163 560 246 201.16 533 490 64.3282 481 439 205.35 446 387 ,Summary,NA,NA,NA,132458,0.3
13,4,1,17,1962,133898,137676,323.773 726 281 360.676 346 269 360.742 409 318 238.191 789 368 353.513 441 539 ,Click1,0,333,263,138474,NA
13,4,1,17,1962,133898,137676,323.773 726 281 360.676 346 269 360.742 409 318 238.191 789 368 353.513 441 539 ,Click1,1,409,334,139010,NA
13,4,1,17,1962,133898,137676,323.773 726 281 360.676 346 269 360.742 409 318 238.191 789 368 353.513 441 539 ,Click1,2,640,275,139466,NA
13,4,1,17,1962,133898,137676,323.773 726 281 360.676 346 269 360.742 409 318 238.191 789 368 353.513 441 539 ,Click1,3,746,382,139952,NA
13,4,1,17,1962,133898,137676,323.773 726 281 360.676 346 269 360.742 409 318 238.191 789 368 353.513 441 539 ,Click1,4,450,505,140626,NA
13,4,1,17,1962,133898,137676,323.773 726 281 360.676 346 269 360.742 409 318 238.191 789 368 353.513 441 539 ,Summary,NA,NA,NA,140637,0.4
13,4,1,18,2071,142117,144998,132.75 647 320 172.117 361 265 1.72297 722 494 226.583 488 428 337.082 709 454 ,Click1,0,380,247,145913,NA
13,4,1,18,2071,142117,144998,132.75 647 320 172.117 361 265 1.72297 722 494 226.583 488 428 337.082 709 454 ,Click1,1,482,422,146538,NA
13,4,1,18,2071,142117,144998,132.75 647 320 172.117 361 265 1.72297 722 494 226.583 488 428 337.082 709 454 ,Click1,2,612,289,147081,NA
13,4,1,18,2071,142117,144998,132.75 647 320 172.117 361 265 1.72297 722 494 226.583 488 428 337.082 709 454 ,Click1,3,702,391,147578,NA
13,4,1,18,2071,142117,144998,132.75 647 320 172.117 361 265 1.72297 722 494 226.583 488 428 337.082 709 454 ,Click1,4,739,442,148001,NA
13,4,1,18,2071,142117,144998,132.75 647 320 172.117 361 265 1.72297 722 494 226.583 488 428 337.082 709 454 ,Summary,NA,NA,NA,148013,0.35
13,4,1,19,2179,149564,152502,139.958 423 497 89.7473 365 545 220.473 545 386 303.678 348 229 265.445 702 194 ,Click1,0,352,246,153460,NA
13,4,1,19,2179,149564,152502,139.958 423 497 89.7473 365 545 220.473 545 386 303.678 348 229 265.445 702 194 ,Click1,1,399,525,154073,NA
13,4,1,19,2179,149564,152502,139.958 423 497 89.7473 365 545 220.473 545 386 303.678 348 229 265.445 702 194 ,Click1,2,469,473,154576,NA
13,4,1,19,2179,149564,152502,139.958 423 497 89.7473 365 545 220.473 545 386 303.678 348 229 265.445 702 194 ,Click1,3,538,414,155009,NA
13,4,1,19,2179,149564,152502,139.958 423 497 89.7473 365 545 220.473 545 386 303.678 348 229 265.445 702 194 ,Click1,4,654,242,155553,NA
13,4,1,19,2179,149564,152502,139.958 423 497 89.7473 365 545 220.473 545 386 303.678 348 229 265.445 702 194 ,Summary,NA,NA,NA,155562,0.39
13,4,1,20,2249,157139,158995,309.805 423 488 342.299 498 501 214.019 386 300 39.5141 409 296 161.78 530 223 ,Click1,0,371,301,160012,NA
13,4,1,20,2249,157139,158995,309.805 423 488 342.299 498 501 214.019 386 300 39.5141 409 296 161.78 530 223 ,Click1,1,419,295,160377,NA
13,4,1,20,2249,157139,158995,309.805 423 488 342.299 498 501 214.019 386 300 39.5141 409 296 161.78 530 223 ,Click1,2,537,191,160785,NA
13,4,1,20,2249,157139,158995,309.805 423 488 342.299 498 501 214.019 386 300 39.5141 409 296 161.78 530 223 ,Click1,3,408,527,161960,NA
13,4,1,20,2249,157139,158995,309.805 423 488 342.299 498 501 214.019 386 300 39.5141 409 296 161.78 530 223 ,Click1,4,544,475,162424,NA
13,4,1,20,2249,157139,158995,309.805 423 488 342.299 498 501 214.019 386 300 39.5141 409 296 161.78 530 223 ,Summary,NA,NA,NA,162435,0.3
13,4,1,21,2373,163949,167434,189.489 653 269 171.815 741 375 34.3334 443 323 209.298 598 489 35.3077 434 400 ,Click1,0,425,327,168251,NA
13,4,1,21,2373,163949,167434,189.489 653 269 171.815 741 375 34.3334 443 323 209.298 598 489 35.3077 434 400 ,Click1,1,425,392,168641,NA
13,4,1,21,2373,163949,167434,189.489 653 269 171.815 741 375 34.3334 443 323 209.298 598 489 35.3077 434 400 ,Click1,2,565,489,169193,NA
13,4,1,21,2373,163949,167434,189.489 653 269 171.815 741 375 34.3334 443 323 209.298 598 489 35.3077 434 400 ,Click1,3,602,281,169788,NA
13,4,1,21,2373,163949,167434,189.489 653 269 171.815 741 375 34.3334 443 323 209.298 598 489 35.3077 434 400 ,Click1,4,675,365,170628,NA
13,4,1,21,2373,163949,167434,189.489 653 269 171.815 741 375 34.3334 443 323 209.298 598 489 35.3077 434 400 ,Summary,NA,NA,NA,170637,0.37
13,4,1,22,2431,172892,174421,189.477 504 269 158.455 599 420 160.424 343 378 208.017 462 428 50.6102 545 499 ,Click1,0,373,390,175322,NA
13,4,1,22,2431,172892,174421,189.477 504 269 158.455 599 420 160.424 343 378 208.017 462 428 50.6102 545 499 ,Click1,1,465,423,175881,NA
13,4,1,22,2431,172892,174421,189.477 504 269 158.455 599 420 160.424 343 378 208.017 462 428 50.6102 545 499 ,Click1,2,592,500,176386,NA
13,4,1,22,2431,172892,174421,189.477 504 269 158.455 599 420 160.424 343 378 208.017 462 428 50.6102 545 499 ,Click1,3,478,283,177004,NA
13,4,1,22,2431,172892,174421,189.477 504 269 158.455 599 420 160.424 343 378 208.017 462 428 50.6102 545 499 ,Click1,4,590,386,177434,NA
13,4,1,22,2431,172892,174421,189.477 504 269 158.455 599 420 160.424 343 378 208.017 462 428 50.6102 545 499 ,Summary,NA,NA,NA,177444,0.3
13,4,1,23,2487,179125,180638,46.9076 491 329 161.396 461 469 355.692 276 400 19.0835 368 383 355.886 656 579 ,Click1,0,311,390,181601,NA
13,4,1,23,2487,179125,180638,46.9076 491 329 161.396 461 469 355.692 276 400 19.0835 368 383 355.886 656 579 ,Click1,1,393,381,182089,NA
13,4,1,23,2487,179125,180638,46.9076 491 329 161.396 461 469 355.692 276 400 19.0835 368 383 355.886 656 579 ,Click1,2,516,344,182579,NA
13,4,1,23,2487,179125,180638,46.9076 491 329 161.396 461 469 355.692 276 400 19.0835 368 383 355.886 656 579 ,Click1,3,472,437,183081,NA
13,4,1,23,2487,179125,180638,46.9076 491 329 161.396 461 469 355.692 276 400 19.0835 368 383 355.886 656 579 ,Click1,4,640,543,183650,NA
13,4,1,23,2487,179125,180638,46.9076 491 329 161.396 461 469 355.692 276 400 19.0835 368 383 355.886 656 579 ,Summary,NA,NA,NA,183663,0.33
13,4,1,24,2611,185060,188500,216.585 618 504 321.13 444 381 25.6893 593 418 352.518 439 537 126.736 593 368 ,Click1,0,438,379,189449,NA
13,4,1,24,2611,185060,188500,216.585 618 504 321.13 444 381 25.6893 593 418 352.518 439 537 126.736 593 368 ,Click1,1,630,369,190025,NA
13,4,1,24,2611,185060,188500,216.585 618 504 321.13 444 381 25.6893 593 418 352.518 439 537 126.736 593 368 ,Click1,2,607,405,190458,NA
13,4,1,24,2611,185060,188500,216.585 618 504 321.13 444 381 25.6893 593 418 352.518 439 537 126.736 593 368 ,Click1,3,596,487,190882,NA
13,4,1,24,2611,185060,188500,216.585 618 504 321.13 444 381 25.6893 593 418 352.518 439 537 126.736 593 368 ,Click1,4,475,549,191434,NA
13,4,1,24,2611,185060,188500,216.585 618 504 321.13 444 381 25.6893 593 418 352.518 439 537 126.736 593 368 ,Summary,NA,NA,NA,191444,0.25
13,5,3,25,2698,202203,204535,219.326 425 382 325.59 600 216 201.996 706 473 352.823 664 519 83.7786 488 337 ,Click2,1,3,3,206187,1
13,5,3,25,2698,202203,204535,219.326 425 382 325.59 600 216 201.996 706 473 352.823 664 519 83.7786 488 337 ,Click2,2,5,5,207267,1
13,5,3,26,2817,207268,210544,12.6777 310 291 189.494 676 201 209.35 414 336 205.208 514 274 309.857 591 430 ,Click2,1,4,4,212362,1
13,5,3,26,2817,207268,210544,12.6777 310 291 189.494 676 201 209.35 414 336 205.208 514 274 309.857 591 430 ,Click2,2,5,5,213611,1
13,5,3,27,2916,213612,216208,34.3533 545 389 192.543 421 193 18.5653 413 508 204.733 662 390 313.982 772 249 ,Click2,1,1,2,217946,0
13,5,3,27,2916,213612,216208,34.3533 545 389 192.543 421 193 18.5653 413 508 204.733 662 390 313.982 772 249 ,Click2,2,2,1,218785,0
13,5,3,28,2981,218787,220503,15.7899 699 456 62.8309 323 236 13.4377 567 575 211.79 520 302 191.63 673 218 ,Click2,1,5,5,223251,1
13,5,3,28,2981,218787,220503,15.7899 699 456 62.8309 323 236 13.4377 567 575 211.79 520 302 191.63 673 218 ,Click2,2,3,3,225178,1
13,5,3,29,3078,225179,227741,212.935 641 428 83.41 393 474 106.959 496 286 107.065 342 312 5.94734 611 241 ,Click2,1,3,3,229122,1
13,5,3,29,3078,225179,227741,212.935 641 428 83.41 393 474 106.959 496 286 107.065 342 312 5.94734 611 241 ,Click2,2,1,1,230482,1
13,5,3,30,3149,230483,232421,208.185 471 348 358.485 494 547 169.485 639 363 9.05681 302 456 27.3208 788 294 ,Click2,1,4,4,234211,1
13,5,3,30,3149,230483,232421,208.185 471 348 358.485 494 547 169.485 639 363 9.05681 302 456 27.3208 788 294 ,Click2,2,3,3,235411,1
13,5,3,31,3254,235412,238274,287.742 564 494 192.63 577 496 5.08556 418 419 131.686 331 382 189.526 550 225 ,Click2,1,3,3,240770,1
13,5,3,31,3254,235412,238274,287.742 564 494 192.63 577 496 5.08556 418 419 131.686 331 382 189.526 550 225 ,Click2,2,5,5,242436,1
13,5,3,32,3354,242437,245095,307.264 692 268 194.083 335 401 170.522 374 457 4.42074 351 482 125.87 777 242 ,Click2,1,1,1,247538,1
13,5,3,32,3354,242437,245095,307.264 692 268 194.083 335 401 170.522 374 457 4.42074 351 482 125.87 777 242 ,Click2,2,5,5,249148,1
13,5,3,33,3479,249149,252643,156.159 747 507 164.978 419 203 332.392 378 386 4.2842 695 489 235.468 497 403 ,Click2,1,2,2,254523,1
13,5,3,33,3479,249149,252643,156.159 747 507 164.978 419 203 332.392 378 386 4.2842 695 489 235.468 497 403 ,Click2,2,3,3,256892,1
13,5,3,34,3627,256893,260941,15.2398 443 464 51.2025 359 368 201.993 543 458 13.633 646 404 332.037 446 321 ,Click2,1,1,1,263523,1
13,5,3,34,3627,256893,260941,15.2398 443 464 51.2025 359 368 201.993 543 458 13.633 646 404 332.037 446 321 ,Click2,2,5,5,264996,1
13,5,3,35,3713,264997,267303,6.05199 666 477 21.06 541 492 351.836 609 226 194.457 706 447 120.194 430 412 ,Click2,1,5,5,269158,1
13,5,3,35,3713,264997,267303,6.05199 666 477 21.06 541 492 351.836 609 226 194.457 706 447 120.194 430 412 ,Click2,2,2,2,270186,1
13,5,3,36,3773,270187,271777,221.935 656 434 228.603 507 401 359.152 758 196 202.584 589 479 11.3444 354 538 ,Click2,1,3,5,273612,0
13,5,3,36,3773,270187,271777,221.935 656 434 228.603 507 401 359.152 758 196 202.584 589 479 11.3444 354 538 ,Click2,2,1,1,275394,1
13,5,3,37,3848,275395,277392,212.317 487 335 232.884 411 231 177.951 616 225 219.987 418 385 2.06221 545 553 ,Click2,1,5,5,279091,1
13,5,3,37,3848,275395,277392,212.317 487 335 232.884 411 231 177.951 616 225 219.987 418 385 2.06221 545 553 ,Click2,2,2,2,280356,1
13,5,3,38,3961,280357,283496,354.61 367 214 110.28 551 438 227.114 492 468 9.43533 440 354 187.426 731 559 ,Click2,1,5,5,285037,1
13,5,3,38,3961,280357,283496,354.61 367 214 110.28 551 438 227.114 492 468 9.43533 440 354 187.426 731 559 ,Click2,2,3,3,286629,1
13,5,3,39,4107,286630,290598,138.731 570 247 126.6 470 299 16.195 319 367 246.786 679 313 189.456 351 495 ,Click2,1,1,1,292571,1
13,5,3,39,4107,286630,290598,138.731 570 247 126.6 470 299 16.195 319 367 246.786 679 313 189.456 351 495 ,Click2,2,5,5,295845,1
13,6,5,40,4165,300796,302358,154.272 436 317 168.732 361 401 189.17 672 552 144.377 597 280 339.78 337 441 ,ANGLE,2,361,401,101.268,133,304715,31.732
13,6,5,41,4234,304718,306614,157.234 278 410 2.6164 309 452 298.499 602 404 139.052 440 373 15.3879 550 504 ,ANGLE,3,602,404,-28.4995,-33,308684,4.50052
13,6,5,42,4322,308688,311172,18.2213 502 466 172.797 393 490 164.612 565 339 341.493 582 316 257.531 678 448 ,ANGLE,3,565,339,105.388,110,313587,4.61179
13,6,5,43,4463,313591,317576,236.513 411 291 30.4517 485 237 344.621 284 347 10.8839 388 488 148.066 443 412 ,ANGLE,4,388,488,259.116,-70,319300,30.8839
13,6,5,44,4539,319306,321379,27.1588 560 344 39.0604 637 371 341.338 473 276 22.5682 587 523 318.156 407 446 ,ANGLE,4,587,523,247.432,270,323084,22.5682
13,6,5,45,4649,323089,326198,113.133 691 517 192.679 506 498 147.87 389 384 330.226 600 213 115.633 460 514 ,ANGLE,1,691,517,156.867,85,327900,71.8666
13,6,5,46,4712,327905,329680,210.971 579 499 175.678 336 475 300.993 296 447 49.5442 691 336 191.503 684 484 ,ANGLE,4,691,336,220.456,200,331516,20.4558
13,6,5,47,4826,331521,334640,355.215 537 385 331.954 426 392 314.992 669 443 187.026 657 533 212.233 699 487 ,ANGLE,4,657,533,82.9736,77,336156,5.97359
13,6,5,48,4941,336160,339423,217.851 583 256 5.24282 731 453 167.773 626 306 0.999191 451 463 82.5777 801 451 ,ANGLE,4,451,463,269.001,256,341174,13.0008
13,6,5,49,5008,341181,342995,162.275 439 235 171.975 662 495 36.4278 538 339 259.405 596 468 223.997 740 451 ,ANGLE,3,538,339,233.572,234,344844,0.427824
13,6,5,50,5124,344850,348072,7.83744 509 329 331.021 705 496 228.434 733 442 129.93 385 532 35.8784 589 268 ,ANGLE,4,385,532,140.07,-75,349564,144.93
13,6,5,51,5248,349569,353038,186.96 488 327 269.118 688 359 41.6444 318 388 302.61 446 350 216.935 562 305 ,ANGLE,5,562,305,53.0653,76,355301,22.9347
13,6,5,52,5307,355305,356901,188.139 339 282 272.884 657 207 34.3225 418 502 343.51 405 536 219.353 424 233 ,ANGLE,2,657,207,-2.88353,35,359187,37.8835
13,6,5,53,5394,359191,361675,28.9107 314 316 158.882 506 327 288.842 543 431 342.506 619 455 201.889 752 477 ,ANGLE,2,506,327,111.118,125,363637,13.8822
13,6,5,54,5467,363641,365562,28.6741 465 420 80.568 399 415 336.141 672 326 81.2 734 407 200.556 588 384 ,ANGLE,4,734,407,188.8,23,367580,165.8
13,7,1,55,5582,371384,374641,212.933 375 317 -3.56516 654 503 151.52 668 412 254.37 705 309 358.379 471 253 ,Click1,0,477,242,376220,NA
13,7,1,55,5582,371384,374641,212.933 375 317 -3.56516 654 503 151.52 668 412 254.37 705 309 358.379 471 253 ,Click1,1,633,412,376822,NA
13,7,1,55,5582,371384,374641,212.933 375 317 -3.56516 654 503 151.52 668 412 254.37 705 309 358.379 471 253 ,Click1,2,680,341,377308,NA
13,7,1,55,5582,371384,374641,212.933 375 317 -3.56516 654 503 151.52 668 412 254.37 705 309 358.379 471 253 ,Click1,3,374,357,378005,NA
13,7,1,55,5582,371384,374641,212.933 375 317 -3.56516 654 503 151.52 668 412 254.37 705 309 358.379 471 253 ,Click1,4,594,486,378605,NA
13,7,1,55,5582,371384,374641,212.933 375 317 -3.56516 654 503 151.52 668 412 254.37 705 309 358.379 471 253 ,Summary,NA,NA,NA,378615,0.38
13,7,5,56,5691,381646,384664,27.0487 236 279 164.919 496 426 276.792 453 560 144.753 518 278 177.528 517 238 ,ANGLE,3,453,560,-6.79203,270,386846,83.208
13,7,1,57,5819,386853,390530,39.8703 550 451 339.063 342 482 13.6681 467 208 114.798 299 463 34.5651 395 369 ,Click1,0,393,366,391798,NA
13,7,1,57,5819,386853,390530,39.8703 550 451 339.063 342 482 13.6681 467 208 114.798 299 463 34.5651 395 369 ,Click1,1,322,449,392470,NA
13,7,1,57,5819,386853,390530,39.8703 550 451 339.063 342 482 13.6681 467 208 114.798 299 463 34.5651 395 369 ,Click1,2,356,483,392901,NA
13,7,1,57,5819,386853,390530,39.8703 550 451 339.063 342 482 13.6681 467 208 114.798 299 463 34.5651 395 369 ,Click1,3,492,412,393595,NA
13,7,1,57,5819,386853,390530,39.8703 550 451 339.063 342 482 13.6681 467 208 114.798 299 463 34.5651 395 369 ,Click1,4,445,201,394356,NA
13,7,1,57,5819,386853,390530,39.8703 550 451 339.063 342 482 13.6681 467 208 114.798 299 463 34.5651 395 369 ,Summary,NA,NA,NA,394374,0.28
13,7,3,58,5893,396975,398978,24.9697 718 546 353.778 530 439 17.8321 645 282 310.81 293 510 213.234 368 375 ,Click2,1,3,3,402532,1
13,7,3,58,5893,396975,398978,24.9697 718 546 353.778 530 439 17.8321 645 282 310.81 293 510 213.234 368 375 ,Click2,2,5,5,403878,1
13,7,5,59,5972,403879,406084,191.944 515 502 229.707 716 390 72.695 440 494 326.17 456 369 86.109 235 398 ,ANGLE,3,440,494,197.305,-59,408174,103.695
13,7,5,60,6046,408182,410175,193.394 325 455 224.386 568 262 345.751 584 528 69.206 571 348 355.945 245 575 ,ANGLE,3,584,528,-75.7512,-78,412205,2.2488
13,7,3,61,6155,412209,415238,314.746 447 269 39.3719 637 300 171.854 756 443 281.63 641 468 240.255 505 490 ,Click2,1,3,3,418894,1
13,7,3,61,6155,412209,415238,314.746 447 269 39.3719 637 300 171.854 756 443 281.63 641 468 240.255 505 490 ,Click2,2,1,2,420253,0
13,7,1,62,6243,420254,422642,91.4988 377 233 115.559 799 445 160.671 529 497 162.406 280 283 300.641 513 308 ,Click1,0,307,285,423965,NA
13,7,1,62,6243,420254,422642,91.4988 377 233 115.559 799 445 160.671 529 497 162.406 280 283 300.641 513 308 ,Click1,1,493,292,424517,NA
13,7,1,62,6243,420254,422642,91.4988 377 233 115.559 799 445 160.671 529 497 162.406 280 283 300.641 513 308 ,Click1,2,403,236,425005,NA
13,7,1,62,6243,420254,422642,91.4988 377 233 115.559 799 445 160.671 529 497 162.406 280 283 300.641 513 308 ,Click1,3,759,458,425550,NA
13,7,1,62,6243,420254,422642,91.4988 377 233 115.559 799 445 160.671 529 497 162.406 280 283 300.641 513 308 ,Click1,4,499,455,426173,NA
13,7,1,62,6243,420254,422642,91.4988 377 233 115.559 799 445 160.671 529 497 162.406 280 283 300.641 513 308 ,Summary,NA,NA,NA,426184,0.35
13,7,1,63,6309,427663,429428,93.4294 376 403 179.759 644 463 160.174 363 540 222.862 545 387 34.0414 627 271 ,Click1,0,373,547,430373,NA
13,7,1,63,6309,427663,429428,93.4294 376 403 179.759 644 463 160.174 363 540 222.862 545 387 34.0414 627 271 ,Click1,1,511,407,430959,NA
13,7,1,63,6309,427663,429428,93.4294 376 403 179.759 644 463 160.174 363 540 222.862 545 387 34.0414 627 271 ,Click1,2,593,278,431477,NA
13,7,1,63,6309,427663,429428,93.4294 376 403 179.759 644 463 160.174 363 540 222.862 545 387 34.0414 627 271 ,Click1,3,388,325,431988,NA
13,7,1,63,6309,427663,429428,93.4294 376 403 179.759 644 463 160.174 363 540 222.862 545 387 34.0414 627 271 ,Click1,4,695,512,432742,NA
13,7,1,63,6309,427663,429428,93.4294 376 403 179.759 644 463 160.174 363 540 222.862 545 387 34.0414 627 271 ,Summary,NA,NA,NA,432760,0.47
13,7,1,64,6397,438793,441165,10.9721 483 539 171.784 412 463 158.344 404 284 213.998 355 252 189.552 656 341 ,Click1,0,513,557,442108,NA
13,7,1,64,6397,438793,441165,10.9721 483 539 171.784 412 463 158.344 404 284 213.998 355 252 189.552 656 341 ,Click1,1,424,509,442612,NA
13,7,1,64,6397,438793,441165,10.9721 483 539 171.784 412 463 158.344 404 284 213.998 355 252 189.552 656 341 ,Click1,2,355,263,443206,NA
13,7,1,64,6397,438793,441165,10.9721 483 539 171.784 412 463 158.344 404 284 213.998 355 252 189.552 656 341 ,Click1,3,412,262,443693,NA
13,7,1,64,6397,438793,441165,10.9721 483 539 171.784 412 463 158.344 404 284 213.998 355 252 189.552 656 341 ,Click1,4,648,382,444773,NA
13,7,1,64,6397,438793,441165,10.9721 483 539 171.784 412 463 158.344 404 284 213.998 355 252 189.552 656 341 ,Summary,NA,NA,NA,444786,0.31
13,7,5,65,6533,452976,456770,276.437 270 475 322.99 499 353 2.42083 440 349 79.6576 281 420 129.481 363 277 ,ANGLE,5,363,277,140.519,137,459734,3.5191
13,7,3,66,6606,459737,461763,357.313 330 314 344.762 674 266 58.9088 615 403 40.3119 343 250 55.0968 429 323 ,Click2,1,1,1,463837,1
13,7,3,66,6606,459737,461763,357.313 330 314 344.762 674 266 58.9088 615 403 40.3119 343 250 55.0968 429 323 ,Click2,2,3,5,465319,0
13,7,1,67,6699,465320,467846,14.0485 567 333 147.623 657 295 299.182 664 521 89.234 438 520 207.658 534 512 ,Click1,0,429,519,469030,NA
13,7,1,67,6699,465320,467846,14.0485 567 333 147.623 657 295 299.182 664 521 89.234 438 520 207.658 534 512 ,Click1,1,526,509,469550,NA
13,7,1,67,6699,465320,467846,14.0485 567 333 147.623 657 295 299.182 664 521 89.234 438 520 207.658 534 512 ,Click1,2,646,514,470038,NA
13,7,1,67,6699,465320,467846,14.0485 567 333 147.623 657 295 299.182 664 521 89.234 438 520 207.658 534 512 ,Click1,3,543,402,470597,NA
13,7,1,67,6699,465320,467846,14.0485 567 333 147.623 657 295 299.182 664 521 89.234 438 520 207.658 534 512 ,Click1,4,685,266,471175,NA
13,7,1,67,6699,465320,467846,14.0485 567 333 147.623 657 295 299.182 664 521 89.234 438 520 207.658 534 512 ,Summary,NA,NA,NA,471193,0.31
13,7,3,68,6764,473370,475131,187.194 673 377 141.33 516 390 193.489 498 511 276.471 467 438 32.1724 433 427 ,Click2,1,3,1,477734,0
13,7,3,68,6764,473370,475131,187.194 673 377 141.33 516 390 193.489 498 511 276.471 467 438 32.1724 433 427 ,Click2,2,2,4,479223,0
13,7,5,69,6833,479224,481141,204.446 489 353 155.783 357 487 174.454 311 508 162.24 550 447 184.428 548 496 ,ANGLE,4,550,447,107.76,96,482870,11.76
13,7,3,70,6915,482874,485138,346.441 354 362 325.038 501 422 325.844 380 408 30.9688 587 538 289.457 397 473 ,Click2,1,4,4,486634,1
13,7,3,70,6915,482874,485138,346.441 354 362 325.038 501 422 325.844 380 408 30.9688 587 538 289.457 397 473 ,Click2,2,1,1,487877,1
13,7,1,71,7035,487878,491313,360.425 685 312 186.161 750 277 355.91 425 340 227.017 448 387 299.465 365 332 ,Click1,0,358,342,492509,NA
13,7,1,71,7035,487878,491313,360.425 685 312 186.161 750 277 355.91 425 340 227.017 448 387 299.465 365 332 ,Click1,1,442,342,492949,NA
13,7,1,71,7035,487878,491313,360.425 685 312 186.161 750 277 355.91 425 340 227.017 448 387 299.465 365 332 ,Click1,2,457,402,493373,NA
13,7,1,71,7035,487878,491313,360.425 685 312 186.161 750 277 355.91 425 340 227.017 448 387 299.465 365 332 ,Click1,3,537,278,494381,NA
13,7,1,71,7035,487878,491313,360.425 685 312 186.161 750 277 355.91 425 340 227.017 448 387 299.465 365 332 ,Click1,4,717,335,494878,NA
13,7,1,71,7035,487878,491313,360.425 685 312 186.161 750 277 355.91 425 340 227.017 448 387 299.465 365 332 ,Summary,NA,NA,NA,494890,0.36
13,7,1,72,7108,496463,498385,180.461 683 299 174.524 562 266 121.916 527 438 114.668 343 402 100.101 420 291 ,Click1,0,357,399,499407,NA
13,7,1,72,7108,496463,498385,180.461 683 299 174.524 562 266 121.916 527 438 114.668 343 402 100.101 420 291 ,Click1,1,443,305,499997,NA
13,7,1,72,7108,496463,498385,180.461 683 299 174.524 562 266 121.916 527 438 114.668 343 402 100.101 420 291 ,Click1,2,508,431,500421,NA
13,7,1,72,7108,496463,498385,180.461 683 299 174.524 562 266 121.916 527 438 114.668 343 402 100.101 420 291 ,Click1,3,543,275,500846,NA
13,7,1,72,7108,496463,498385,180.461 683 299 174.524 562 266 121.916 527 438 114.668 343 402 100.101 420 291 ,Click1,4,744,292,501230,NA
13,7,1,72,7108,496463,498385,180.461 683 299 174.524 562 266 121.916 527 438 114.668 343 402 100.101 420 291 ,Summary,NA,NA,NA,501241,0.29
13,7,3,73,7236,503033,506628,137.042 344 382 54.2901 333 330 340.726 651 368 108.502 674 368 271.56 413 359 ,Click2,1,2,2,508199,1
13,7,3,73,7236,503033,506628,137.042 344 382 54.2901 333 330 340.726 651 368 108.502 674 368 271.56 413 359 ,Click2,2,4,4,509599,1
13,7,5,74,7372,509601,513556,328.896 375 484 102.356 616 352 115.618 757 507 227.147 585 479 -4.59799 357 404 ,ANGLE,1,375,484,-58.8958,-55,515712,3.89579
13,7,5,75,7441,515716,517577,322.983 522 375 122.93 550 521 192.075 600 531 321.187 300 467 57.2076 246 340 ,ANGLE,3,600,531,77.9252,67,519119,10.9252
13,7,5,76,7538,519123,521794,155.282 504 384 194.246 303 556 56.9654 529 473 316.065 497 483 251.198 376 515 ,ANGLE,1,504,384,114.718,131,523550,16.2816
13,7,1,77,7612,523554,525617,160.081 336 494 -4.06087 403 542 227.605 509 494 79.0229 584 401 108.598 638 299 ,Click1,0,616,284,526974,NA
13,7,1,77,7612,523554,525617,160.081 336 494 -4.06087 403 542 227.605 509 494 79.0229 584 401 108.598 638 299 ,Click1,1,590,382,527526,NA
13,7,1,77,7612,523554,525617,160.081 336 494 -4.06087 403 542 227.605 509 494 79.0229 584 401 108.598 638 299 ,Click1,2,524,489,528231,NA
13,7,1,77,7612,523554,525617,160.081 336 494 -4.06087 403 542 227.605 509 494 79.0229 584 401 108.598 638 299 ,Click1,3,435,554,528798,NA
13,7,1,77,7612,523554,525617,160.081 336 494 -4.06087 403 542 227.605 509 494 79.0229 584 401 108.598 638 299 ,Click1,4,376,484,529358,NA
13,7,1,77,7612,523554,525617,160.081 336 494 -4.06087 403 542 227.605 509 494 79.0229 584 401 108.598 638 299 ,Summary,NA,NA,NA,529368,0.28
13,7,5,78,7731,530881,534114,347.47 380 491 249.82 703 528 108.812 325 340 195.868 355 327 356.617 618 482 ,ANGLE,4,355,327,74.132,65,536255,9.13201
13,7,3,79,7796,536260,538004,334.078 536 425 247.593 666 363 339.861 367 375 6.60611 270 263 109.28 326 479 ,Click2,1,5,3,540904,0
13,7,3,79,7796,536260,538004,334.078 536 425 247.593 666 363 339.861 367 375 6.60611 270 263 109.28 326 479 ,Click2,2,3,4,542393,0
13,7,5,80,7938,542395,546321,240.611 739 417 305.966 549 331 170.996 664 257 -6.87492 657 265 258.736 262 498 ,ANGLE,5,262,498,11.2638,-64,548391,75.2638
13,7,3,81,8072,548395,552204,188.586 380 446 32.5825 448 291 9.8285 445 228 35.0189 370 369 41.2475 329 264 ,Click2,1,1,1,554389,1
13,7,3,81,8072,548395,552204,188.586 380 446 32.5825 448 291 9.8285 445 228 35.0189 370 369 41.2475 329 264 ,Click2,2,4,4,556590,1
13,7,1,82,8206,556591,560299,312.32 529 270 18.4638 764 467 322.791 685 362 235.685 578 471 183.43 397 262 ,Click1,0,379,276,561464,NA
13,7,1,82,8206,556591,560299,312.32 529 270 18.4638 764 467 322.791 685 362 235.685 578 471 183.43 397 262 ,Click1,1,508,266,561952,NA
13,7,1,82,8206,556591,560299,312.32 529 270 18.4638 764 467 322.791 685 362 235.685 578 471 183.43 397 262 ,Click1,2,613,334,562422,NA
13,7,1,82,8206,556591,560299,312.32 529 270 18.4638 764 467 322.791 685 362 235.685 578 471 183.43 397 262 ,Click1,3,683,459,562887,NA
13,7,1,82,8206,556591,560299,312.32 529 270 18.4638 764 467 322.791 685 362 235.685 578 471 183.43 397 262 ,Click1,4,508,476,563607,NA
13,7,1,82,8206,556591,560299,312.32 529 270 18.4638 764 467 322.791 685 362 235.685 578 471 183.43 397 262 ,Summary,NA,NA,NA,563616,0.55
13,7,1,83,8303,565002,567706,138.652 433 319 169.787 516 480 183.508 624 296 351.581 493 531 200.31 683 333 ,Click1,0,424,301,568735,NA
13,7,1,83,8303,565002,567706,138.652 433 319 169.787 516 480 183.508 624 296 351.581 493 531 200.31 683 333 ,Click1,1,623,290,569286,NA
13,7,1,83,8303,565002,567706,138.652 433 319 169.787 516 480 183.508 624 296 351.581 493 531 200.31 683 333 ,Click1,2,665,334,569670,NA
13,7,1,83,8303,565002,567706,138.652 433 319 169.787 516 480 183.508 624 296 351.581 493 531 200.31 683 333 ,Click1,3,547,463,570505,NA
13,7,1,83,8303,565002,567706,138.652 433 319 169.787 516 480 183.508 624 296 351.581 493 531 200.31 683 333 ,Click1,4,490,500,571006,NA
13,7,1,83,8303,565002,567706,138.652 433 319 169.787 516 480 183.508 624 296 351.581 493 531 200.31 683 333 ,Summary,NA,NA,NA,571016,0.22
13,7,3,84,8375,572808,574747,11.6896 331 406 338.144 446 452 190.353 437 281 0.819651 675 536 19.2053 521 282 ,Click2,1,5,3,577471,0
13,7,3,84,8375,572808,574747,11.6896 331 406 338.144 446 452 190.353 437 281 0.819651 675 536 19.2053 521 282 ,Click2,2,3,5,578544,0
13,7,3,85,8506,578545,582215,187.096 627 496 182.536 681 280 12.0801 434 326 271.224 740 282 196.852 525 378 ,Click2,1,5,5,583591,1
13,7,3,85,8506,578545,582215,187.096 627 496 182.536 681 280 12.0801 434 326 271.224 740 282 196.852 525 378 ,Click2,2,2,2,584848,1
13,7,5,86,8609,584849,587716,233.57 359 411 188.25 400 298 17.8072 694 434 104.085 652 383 207.687 259 285 ,ANGLE,5,259,285,62.3125,86,590176,23.6875
13,7,1,87,8680,590180,592070,302.06 281 276 18.1073 226 307 222.809 681 399 156.178 499 482 182.163 577 309 ,Click1,0,245,299,593167,NA
13,7,1,87,8680,590180,592070,302.06 281 276 18.1073 226 307 222.809 681 399 156.178 499 482 182.163 577 309 ,Click1,1,290,281,593558,NA
13,7,1,87,8680,590180,592070,302.06 281 276 18.1073 226 307 222.809 681 399 156.178 499 482 182.163 577 309 ,Click1,2,595,315,594144,NA
13,7,1,87,8680,590180,592070,302.06 281 276 18.1073 226 307 222.809 681 399 156.178 499 482 182.163 577 309 ,Click1,3,498,447,594679,NA
13,7,1,87,8680,590180,592070,302.06 281 276 18.1073 226 307 222.809 681 399 156.178 499 482 182.163 577 309 ,Click1,4,670,460,595143,NA
13,7,1,87,8680,590180,592070,302.06 281 276 18.1073 226 307 222.809 681 399 156.178 499 482 182.163 577 309 ,Summary,NA,NA,NA,595153,0.29
13,7,3,88,8787,596472,599425,21.0072 380 439 30.1293 485 440 88.5 505 290 14.8336 609 530 187.022 286 325 ,Click2,1,2,1,600977,0
13,7,3,88,8787,596472,599425,21.0072 380 439 30.1293 485 440 88.5 505 290 14.8336 609 530 187.022 286 325 ,Click2,2,4,4,602969,1
13,7,3,89,8863,602970,604976,277.537 440 494 182.863 600 519 80.3295 547 478 226.227 659 515 335.264 382 229 ,Click2,1,5,5,606215,1
13,7,3,89,8863,602970,604976,277.537 440 494 182.863 600 519 80.3295 547 478 226.227 659 515 335.264 382 229 ,Click2,2,4,4,607513,1
13,7,1,90,8993,607514,611175,48.828 292 201 316.699 569 428 40.5162 586 247 221.102 415 249 218.766 592 346 ,Click1,0,312,208,612280,NA
13,7,1,90,8993,607514,611175,48.828 292 201 316.699 569 428 40.5162 586 247 221.102 415 249 218.766 592 346 ,Click1,1,438,263,612954,NA
13,7,1,90,8993,607514,611175,48.828 292 201 316.699 569 428 40.5162 586 247 221.102 415 249 218.766 592 346 ,Click1,2,546,265,613464,NA
13,7,1,90,8993,607514,611175,48.828 292 201 316.699 569 428 40.5162 586 247 221.102 415 249 218.766 592 346 ,Click1,3,610,394,614032,NA
13,7,1,90,8993,607514,611175,48.828 292 201 316.699 569 428 40.5162 586 247 221.102 415 249 218.766 592 346 ,Click1,4,499,529,614680,NA
13,7,1,90,8993,607514,611175,48.828 292 201 316.699 569 428 40.5162 586 247 221.102 415 249 218.766 592 346 ,Summary,NA,NA,NA,614690,0.46
13,7,3,91,9069,616505,618523,61.7162 412 358 252.048 625 276 349.561 479 558 179.813 668 568 208.225 433 229 ,Click2,1,2,2,619751,1
13,7,3,91,9069,616505,618523,61.7162 412 358 252.048 625 276 349.561 479 558 179.813 668 568 208.225 433 229 ,Click2,2,1,1,620632,1
13,7,5,92,9172,620633,623407,263.825 542 499 257.447 751 420 301.242 649 373 188.486 396 570 341.516 629 342 ,ANGLE,4,396,570,81.5142,79,625216,2.51419
13,7,5,93,9320,625220,629472,293.041 511 469 133.251 490 295 366.108 347 419 319.154 519 368 355.458 418 440 ,ANGLE,4,519,368,-49.1543,-57,631442,7.84574
13,7,3,94,9398,631446,633579,306.333 627 295 123.37 359 458 361.893 556 404 166.995 514 330 215.446 767 468 ,Click2,1,3,3,634727,1
13,7,3,94,9398,631446,633579,306.333 627 295 123.37 359 458 361.893 556 404 166.995 514 330 215.446 767 468 ,Click2,2,1,1,635751,1
13,7,3,95,9480,635752,637955,80.3015 673 406 319.82 366 451 30.1997 291 206 165.434 311 401 208.59 576 368 ,Click2,1,2,2,639160,1
13,7,3,95,9480,635752,637955,80.3015 673 406 319.82 366 451 30.1997 291 206 165.434 311 401 208.59 576 368 ,Click2,2,4,4,640328,1
13,7,5,96,9620,640329,644310,252.644 609 275 175.539 335 296 158.431 484 414 290.183 262 440 0.672552 650 360 ,ANGLE,3,484,414,111.569,-60,646177,171.569
13,7,1,97,9719,646185,648849,158.385 394 359 4.51462 505 311 332.39 454 411 357.718 427 273 171.114 679 392 ,Click1,0,435,272,649968,NA
13,7,1,97,9719,646185,648849,158.385 394 359 4.51462 505 311 332.39 454 411 357.718 427 273 171.114 679 392 ,Click1,1,394,357,650527,NA
13,7,1,97,9719,646185,648849,158.385 394 359 4.51462 505 311 332.39 454 411 357.718 427 273 171.114 679 392 ,Click1,2,476,425,651095,NA
13,7,1,97,9719,646185,648849,158.385 394 359 4.51462 505 311 332.39 454 411 357.718 427 273 171.114 679 392 ,Click1,3,515,319,651544,NA
13,7,1,97,9719,646185,648849,158.385 394 359 4.51462 505 311 332.39 454 411 357.718 427 273 171.114 679 392 ,Click1,4,628,411,652072,NA
13,7,1,97,9719,646185,648849,158.385 394 359 4.51462 505 311 332.39 454 411 357.718 427 273 171.114 679 392 ,Summary,NA,NA,NA,652083,0.21
13,7,1,98,9827,662651,665573,1.88145 378 388 178.783 588 322 314.467 683 239 354.847 711 241 155.128 402 470 ,Click1,0,360,390,666831,NA
13,7,1,98,9827,662651,665573,1.88145 378 388 178.783 588 322 314.467 683 239 354.847 711 241 155.128 402 470 ,Click1,1,427,449,667329,NA
13,7,1,98,9827,662651,665573,1.88145 378 388 178.783 588 322 314.467 683 239 354.847 711 241 155.128 402 470 ,Click1,2,400,289,667791,NA
13,7,1,98,9827,662651,665573,1.88145 378 388 178.783 588 322 314.467 683 239 354.847 711 241 155.128 402 470 ,Click1,3,508,348,668258,NA
13,7,1,98,9827,662651,665573,1.88145 378 388 178.783 588 322 314.467 683 239 354.847 711 241 155.128 402 470 ,Click1,4,612,316,668679,NA
13,7,1,98,9827,662651,665573,1.88145 378 388 178.783 588 322 314.467 683 239 354.847 711 241 155.128 402 470 ,Summary,NA,NA,NA,668690,0.57
13,7,5,99,9943,671051,674261,298.961 655 373 117.792 362 315 155.411 621 285 150.445 561 337 319.473 415 407 ,ANGLE,1,655,373,-28.961,-27,676617,1.96098
13,1,1,1,106,46663,49792,41.9367 483 525 151.032 295 430 177.577 323 265 164.666 710 451 46.0841 366 213 ,Click1,0,310,392,51891,NA
13,1,1,1,106,46663,49792,41.9367 483 525 151.032 295 430 177.577 323 265 164.666 710 451 46.0841 366 213 ,Click1,1,456,503,52511,NA
13,1,1,1,106,46663,49792,41.9367 483 525 151.032 295 430 177.577 323 265 164.666 710 451 46.0841 366 213 ,Click1,2,313,399,56878,NA
13,1,1,1,106,46663,49792,41.9367 483 525 151.032 295 430 177.577 323 265 164.666 710 451 46.0841 366 213 ,Click1,3,475,514,58140,NA
13,1,1,1,106,46663,49792,41.9367 483 525 151.032 295 430 177.577 323 265 164.666 710 451 46.0841 366 213 ,Click1,4,676,461,58961,NA
13,1,1,1,106,46663,49792,41.9367 483 525 151.032 295 430 177.577 323 265 164.666 710 451 46.0841 366 213 ,Summary,NA,NA,NA,58996,0.57
13,1,1,2,227,62753,66285,321.985 331 498 202.808 472 459 255.52 479 279 179.435 749 269 57.2574 585 482 ,Click1,0,602,472,67205,NA
13,1,1,2,227,62753,66285,321.985 331 498 202.808 472 459 255.52 479 279 179.435 749 269 57.2574 585 482 ,Click1,1,473,264,68062,NA
13,1,1,2,227,62753,66285,321.985 331 498 202.808 472 459 255.52 479 279 179.435 749 269 57.2574 585 482 ,Click1,2,722,298,68903,NA
13,1,1,2,227,62753,66285,321.985 331 498 202.808 472 459 255.52 479 279 179.435 749 269 57.2574 585 482 ,Click1,3,435,465,69737,NA
13,1,1,2,227,62753,66285,321.985 331 498 202.808 472 459 255.52 479 279 179.435 749 269 57.2574 585 482 ,Click1,4,336,481,70354,NA
13,1,1,2,227,62753,66285,321.985 331 498 202.808 472 459 255.52 479 279 179.435 749 269 57.2574 585 482 ,Summary,NA,NA,NA,70369,0.26
13,1,1,3,350,73267,76669,330.329 580 275 315.624 383 324 355.87 368 536 180.947 414 284 262.142 622 312 ,Click1,0,416,284,77553,NA
13,1,1,3,350,73267,76669,330.329 580 275 315.624 383 324 355.87 368 536 180.947 414 284 262.142 622 312 ,Click1,1,369,328,77946,NA
13,1,1,3,350,73267,76669,330.329 580 275 315.624 383 324 355.87 368 536 180.947 414 284 262.142 622 312 ,Click1,2,575,243,78577,NA
13,1,1,3,350,73267,76669,330.329 580 275 315.624 383 324 355.87 368 536 180.947 414 284 262.142 622 312 ,Click1,3,617,291,78985,NA
13,1,1,3,350,73267,76669,330.329 580 275 315.624 383 324 355.87 368 536 180.947 414 284 262.142 622 312 ,Click1,4,372,560,79682,NA
13,1,1,3,350,73267,76669,330.329 580 275 315.624 383 324 355.87 368 536 180.947 414 284 262.142 622 312 ,Summary,NA,NA,NA,79706,0.19
13,2,3,4,443,89198,92072,182.105 442 251 152.844 485 238 328.982 625 469 54.0649 629 365 164.122 710 419 ,Click2,1,3,5,94637,0
13,2,3,4,443,89198,92072,182.105 442 251 152.844 485 238 328.982 625 469 54.0649 629 365 164.122 710 419 ,Click2,2,2,2,98164,1
13,2,3,5,587,98165,101406,126.166 329 388 179.233 598 283 199.253 527 321 244.466 571 411 178.714 397 432 ,Click2,1,4,4,102780,1
13,2,3,5,587,98165,101406,126.166 329 388 179.233 598 283 199.253 527 321 244.466 571 411 178.714 397 432 ,Click2,2,1,1,104038,1
13,2,3,6,722,104041,107918,336.687 503 418 349.576 264 286 144.432 506 355 110.016 463 393 186.147 533 501 ,Click2,1,4,4,109261,1
13,2,3,6,722,104041,107918,336.687 503 418 349.576 264 286 144.432 506 355 110.016 463 393 186.147 533 501 ,Click2,2,1,3,110672,0
13,3,5,7,830,124333,127649,186.804 586 343 341.645 583 246 18.7984 507 457 21.1875 418 346 315.354 530 352 ,ANGLE,1,586,343,83.1957,78,131577,5.1957
13,3,5,8,961,131582,135456,8.1776 372 535 149.197 559 257 205.875 612 425 33.5349 506 377 359.253 482 516 ,ANGLE,5,482,516,-89.2531,250,137999,20.7469
13,3,5,9,1026,138001,140092,9.30526 574 552 140.158 412 396 142.276 560 243 30.0222 687 464 357.578 680 478 ,ANGLE,2,412,396,129.842,133,142378,3.15773
13,4,1,10,1130,146799,149544,202.659 668 489 352.657 303 542 214.148 321 342 180.65 579 511 204.428 675 421 ,Click1,0,335,528,151503,NA
13,4,1,10,1130,146799,149544,202.659 668 489 352.657 303 542 214.148 321 342 180.65 579 511 204.428 675 421 ,Click1,1,341,348,152153,NA
13,4,1,10,1130,146799,149544,202.659 668 489 352.657 303 542 214.148 321 342 180.65 579 511 204.428 675 421 ,Click1,2,608,528,153055,NA
13,4,1,10,1130,146799,149544,202.659 668 489 352.657 303 542 214.148 321 342 180.65 579 511 204.428 675 421 ,Click1,3,700,447,153643,NA
13,4,1,10,1130,146799,149544,202.659 668 489 352.657 303 542 214.148 321 342 180.65 579 511 204.428 675 421 ,Click1,4,627,427,154087,NA
13,4,1,10,1130,146799,149544,202.659 668 489 352.657 303 542 214.148 321 342 180.65 579 511 204.428 675 421 ,Summary,NA,NA,NA,154093,0.35
13,4,1,11,1245,156070,159340,2.00072 553 451 337.381 613 451 87.0949 285 555 184.327 579 289 120.211 373 367 ,Click1,0,561,439,160334,NA
13,4,1,11,1245,156070,159340,2.00072 553 451 337.381 613 451 87.0949 285 555 184.327 579 289 120.211 373 367 ,Click1,1,624,444,160624,NA
13,4,1,11,1245,156070,159340,2.00072 553 451 337.381 613 451 87.0949 285 555 184.327 579 289 120.211 373 367 ,Click1,2,569,275,161156,NA
13,4,1,11,1245,156070,159340,2.00072 553 451 337.381 613 451 87.0949 285 555 184.327 579 289 120.211 373 367 ,Click1,3,375,344,161806,NA
13,4,1,11,1245,156070,159340,2.00072 553 451 337.381 613 451 87.0949 285 555 184.327 579 289 120.211 373 367 ,Click1,4,292,506,162380,NA
13,4,1,11,1245,156070,159340,2.00072 553 451 337.381 613 451 87.0949 285 555 184.327 579 289 120.211 373 367 ,Summary,NA,NA,NA,162387,0.24
13,4,1,12,1312,164248,166129,183.688 618 474 194.784 630 413 319.68 426 478 201.643 399 253 112.697 312 540 ,Click1,0,630,408,166914,NA
13,4,1,12,1312,164248,166129,183.688 618 474 194.784 630 413 319.68 426 478 201.643 399 253 112.697 312 540 ,Click1,1,625,467,167297,NA
13,4,1,12,1312,164248,166129,183.688 618 474 194.784 630 413 319.68 426 478 201.643 399 253 112.697 312 540 ,Click1,2,476,453,167848,NA
13,4,1,12,1312,164248,166129,183.688 618 474 194.784 630 413 319.68 426 478 201.643 399 253 112.697 312 540 ,Click1,3,323,498,168355,NA
13,4,1,12,1312,164248,166129,183.688 618 474 194.784 630 413 319.68 426 478 201.643 399 253 112.697 312 540 ,Click1,4,388,262,169006,NA
13,4,1,12,1312,164248,166129,183.688 618 474 194.784 630 413 319.68 426 478 201.643 399 253 112.697 312 540 ,Summary,NA,NA,NA,169028,0.26
13,4,1,13,1378,170895,172836,187.752 430 474 183.509 442 395 73.156 318 417 304.553 349 376 215.566 727 432 ,Click1,0,371,357,173743,NA
13,4,1,13,1378,170895,172836,187.752 430 474 183.509 442 395 73.156 318 417 304.553 349 376 215.566 727 432 ,Click1,1,331,418,174137,NA
13,4,1,13,1378,170895,172836,187.752 430 474 183.509 442 395 73.156 318 417 304.553 349 376 215.566 727 432 ,Click1,2,428,491,174576,NA
13,4,1,13,1378,170895,172836,187.752 430 474 183.509 442 395 73.156 318 417 304.553 349 376 215.566 727 432 ,Click1,3,455,402,175003,NA
13,4,1,13,1378,170895,172836,187.752 430 474 183.509 442 395 73.156 318 417 304.553 349 376 215.566 727 432 ,Click1,4,685,438,175620,NA
13,4,1,13,1378,170895,172836,187.752 430 474 183.509 442 395 73.156 318 417 304.553 349 376 215.566 727 432 ,Summary,NA,NA,NA,175643,0.23
13,4,1,14,1438,177311,178841,320.855 355 482 321.385 398 356 144.931 438 384 302.126 422 247 217.804 611 338 ,Click1,0,386,358,179684,NA
13,4,1,14,1438,177311,178841,320.855 355 482 321.385 398 356 144.931 438 384 302.126 422 247 217.804 611 338 ,Click1,1,428,404,180009,NA
13,4,1,14,1438,177311,178841,320.855 355 482 321.385 398 356 144.931 438 384 302.126 422 247 217.804 611 338 ,Click1,2,429,246,180392,NA
13,4,1,14,1438,177311,178841,320.855 355 482 321.385 398 356 144.931 438 384 302.126 422 247 217.804 611 338 ,Click1,3,352,507,180976,NA
13,4,1,14,1438,177311,178841,320.855 355 482 321.385 398 356 144.931 438 384 302.126 422 247 217.804 611 338 ,Click1,4,657,375,181909,NA
13,4,1,14,1438,177311,178841,320.855 355 482 321.385 398 356 144.931 438 384 302.126 422 247 217.804 611 338 ,Summary,NA,NA,NA,181924,0.25
13,4,1,15,1555,183259,186858,293.008 456 373 134.374 624 244 125.008 619 417 8.1296 439 463 225.524 555 482 ,Click1,0,617,386,187557,NA
13,4,1,15,1555,183259,186858,293.008 456 373 134.374 624 244 125.008 619 417 8.1296 439 463 225.524 555 482 ,Click1,1,567,469,187972,NA
13,4,1,15,1555,183259,186858,293.008 456 373 134.374 624 244 125.008 619 417 8.1296 439 463 225.524 555 482 ,Click1,2,426,424,188379,NA
13,4,1,15,1555,183259,186858,293.008 456 373 134.374 624 244 125.008 619 417 8.1296 439 463 225.524 555 482 ,Click1,3,457,344,188884,NA
13,4,1,15,1555,183259,186858,293.008 456 373 134.374 624 244 125.008 619 417 8.1296 439 463 225.524 555 482 ,Click1,4,602,230,189467,NA
13,4,1,15,1555,183259,186858,293.008 456 373 134.374 624 244 125.008 619 417 8.1296 439 463 225.524 555 482 ,Summary,NA,NA,NA,189473,0.29
13,4,1,16,1630,191237,193026,186.442 509 244 135.585 486 349 134.594 494 538 17.4215 610 495 327.387 597 367 ,Click1,0,466,484,193709,NA
13,4,1,16,1630,191237,193026,186.442 509 244 135.585 486 349 134.594 494 538 17.4215 610 495 327.387 597 367 ,Click1,1,583,471,194434,NA
13,4,1,16,1630,191237,193026,186.442 509 244 135.585 486 349 134.594 494 538 17.4215 610 495 327.387 597 367 ,Click1,2,597,333,195027,NA
13,4,1,16,1630,191237,193026,186.442 509 244 135.585 486 349 134.594 494 538 17.4215 610 495 327.387 597 367 ,Click1,3,486,347,195524,NA
13,4,1,16,1630,191237,193026,186.442 509 244 135.585 486 349 134.594 494 538 17.4215 610 495 327.387 597 367 ,Click1,4,498,241,195963,NA
13,4,1,16,1630,191237,193026,186.442 509 244 135.585 486 349 134.594 494 538 17.4215 610 495 327.387 597 367 ,Summary,NA,NA,NA,195987,0.3
13,4,1,17,1691,197471,199300,369.645 384 218 154.222 344 458 301.889 377 526 223.116 494 377 328.977 751 277 ,Click1,0,415,522,200157,NA
13,4,1,17,1691,197471,199300,369.645 384 218 154.222 344 458 301.889 377 526 223.116 494 377 328.977 751 277 ,Click1,1,348,453,200617,NA
13,4,1,17,1691,197471,199300,369.645 384 218 154.222 344 458 301.889 377 526 223.116 494 377 328.977 751 277 ,Click1,2,505,368,201248,NA
13,4,1,17,1691,197471,199300,369.645 384 218 154.222 344 458 301.889 377 526 223.116 494 377 328.977 751 277 ,Click1,3,750,252,201889,NA
13,4,1,17,1691,197471,199300,369.645 384 218 154.222 344 458 301.889 377 526 223.116 494 377 328.977 751 277 ,Click1,4,383,261,202598,NA
13,4,1,17,1691,197471,199300,369.645 384 218 154.222 344 458 301.889 377 526 223.116 494 377 328.977 751 277 ,Summary,NA,NA,NA,202621,0.25
13,4,1,18,1792,204492,206820,362.088 613 212 291.633 298 427 121.167 411 462 181.509 296 320 133.812 555 329 ,Click1,0,325,311,207841,NA
13,4,1,18,1792,204492,206820,362.088 613 212 291.633 298 427 121.167 411 462 181.509 296 320 133.812 555 329 ,Click1,1,322,402,208279,NA
13,4,1,18,1792,204492,206820,362.088 613 212 291.633 298 427 121.167 411 462 181.509 296 320 133.812 555 329 ,Click1,2,396,476,208830,NA
13,4,1,18,1792,204492,206820,362.088 613 212 291.633 298 427 121.167 411 462 181.509 296 320 133.812 555 329 ,Click1,3,546,362,209506,NA
13,4,1,18,1792,204492,206820,362.088 613 212 291.633 298 427 121.167 411 462 181.509 296 320 133.812 555 329 ,Click1,4,602,214,210093,NA
13,4,1,18,1792,204492,206820,362.088 613 212 291.633 298 427 121.167 411 462 181.509 296 320 133.812 555 329 ,Summary,NA,NA,NA,210117,0.26
13,4,1,19,1882,211691,214671,110.921 730 351 64.1771 426 258 309.763 412 465 260.496 550 465 168.666 414 514 ,Click1,0,526,457,215629,NA
13,4,1,19,1882,211691,214671,110.921 730 351 64.1771 426 258 309.763 412 465 260.496 550 465 168.666 414 514 ,Click1,1,411,435,215998,NA
13,4,1,19,1882,211691,214671,110.921 730 351 64.1771 426 258 309.763 412 465 260.496 550 465 168.666 414 514 ,Click1,2,403,474,216402,NA
13,4,1,19,1882,211691,214671,110.921 730 351 64.1771 426 258 309.763 412 465 260.496 550 465 168.666 414 514 ,Click1,3,422,239,216964,NA
13,4,1,19,1882,211691,214671,110.921 730 351 64.1771 426 258 309.763 412 465 260.496 550 465 168.666 414 514 ,Click1,4,689,333,217663,NA
13,4,1,19,1882,211691,214671,110.921 730 351 64.1771 426 258 309.763 412 465 260.496 550 465 168.666 414 514 ,Summary,NA,NA,NA,217685,0.28
13,4,1,20,1959,219037,221124,164.402 669 544 50.0269 528 433 358.1 317 483 258.508 517 264 298.501 291 464 ,Click1,0,303,461,222207,NA
13,4,1,20,1959,219037,221124,164.402 669 544 50.0269 528 433 358.1 317 483 258.508 517 264 298.501 291 464 ,Click1,1,326,484,222510,NA
13,4,1,20,1959,219037,221124,164.402 669 544 50.0269 528 433 358.1 317 483 258.508 517 264 298.501 291 464 ,Click1,2,509,375,223152,NA
13,4,1,20,1959,219037,221124,164.402 669 544 50.0269 528 433 358.1 317 483 258.508 517 264 298.501 291 464 ,Click1,3,512,233,223784,NA
13,4,1,20,1959,219037,221124,164.402 669 544 50.0269 528 433 358.1 317 483 258.508 517 264 298.501 291 464 ,Click1,4,683,434,224570,NA
13,4,1,20,1959,219037,221124,164.402 669 544 50.0269 528 433 358.1 317 483 258.508 517 264 298.501 291 464 ,Summary,NA,NA,NA,224586,0.45
13,4,1,21,2041,226069,228732,172.245 406 560 197.739 671 525 187.279 427 467 16.4422 717 330 296.556 401 225 ,Click1,0,439,469,229700,NA
13,4,1,21,2041,226069,228732,172.245 406 560 197.739 671 525 187.279 427 467 16.4422 717 330 296.556 401 225 ,Click1,1,404,546,230036,NA
13,4,1,21,2041,226069,228732,172.245 406 560 197.739 671 525 187.279 427 467 16.4422 717 330 296.556 401 225 ,Click1,2,641,507,230668,NA
13,4,1,21,2041,226069,228732,172.245 406 560 197.739 671 525 187.279 427 467 16.4422 717 330 296.556 401 225 ,Click1,3,702,312,231342,NA
13,4,1,21,2041,226069,228732,172.245 406 560 197.739 671 525 187.279 427 467 16.4422 717 330 296.556 401 225 ,Click1,4,408,220,232019,NA
13,4,1,21,2041,226069,228732,172.245 406 560 197.739 671 525 187.279 427 467 16.4422 717 330 296.556 401 225 ,Summary,NA,NA,NA,232043,0.19
13,4,1,22,2141,233629,236596,263.693 260 400 204.943 390 449 294.118 316 312 152.781 552 336 296.853 500 328 ,Click1,0,539,332,237467,NA
13,4,1,22,2141,233629,236596,263.693 260 400 204.943 390 449 294.118 316 312 152.781 552 336 296.853 500 328 ,Click1,1,493,341,237766,NA
13,4,1,22,2141,233629,236596,263.693 260 400 204.943 390 449 294.118 316 312 152.781 552 336 296.853 500 328 ,Click1,2,353,334,238396,NA
13,4,1,22,2141,233629,236596,263.693 260 400 204.943 390 449 294.118 316 312 152.781 552 336 296.853 500 328 ,Click1,3,273,458,239128,NA
13,4,1,22,2141,233629,236596,263.693 260 400 204.943 390 449 294.118 316 312 152.781 552 336 296.853 500 328 ,Click1,4,430,467,239701,NA
13,4,1,22,2141,233629,236596,263.693 260 400 204.943 390 449 294.118 316 312 152.781 552 336 296.853 500 328 ,Summary,NA,NA,NA,239717,0.34
13,4,1,23,2225,241467,243948,47.6691 313 383 329.958 544 314 5.19906 486 239 320.772 426 417 159.815 491 216 ,Click1,0,478,232,244865,NA
13,4,1,23,2225,241467,243948,47.6691 313 383 329.958 544 314 5.19906 486 239 320.772 426 417 159.815 491 216 ,Click1,1,477,259,245116,NA
13,4,1,23,2225,241467,243948,47.6691 313 383 329.958 544 314 5.19906 486 239 320.772 426 417 159.815 491 216 ,Click1,2,548,291,245471,NA
13,4,1,23,2225,241467,243948,47.6691 313 383 329.958 544 314 5.19906 486 239 320.772 426 417 159.815 491 216 ,Click1,3,424,457,246193,NA
13,4,1,23,2225,241467,243948,47.6691 313 383 329.958 544 314 5.19906 486 239 320.772 426 417 159.815 491 216 ,Click1,4,300,444,246678,NA
13,4,1,23,2225,241467,243948,47.6691 313 383 329.958 544 314 5.19906 486 239 320.772 426 417 159.815 491 216 ,Summary,NA,NA,NA,246700,0.32
13,4,1,24,2335,248050,250603,345.932 513 444 47.8229 726 446 -1.37158 733 282 334.965 639 285 18.6325 600 273 ,Click1,0,588,286,251513,NA
13,4,1,24,2335,248050,250603,345.932 513 444 47.8229 726 446 -1.37158 733 282 334.965 639 285 18.6325 600 273 ,Click1,1,635,286,251857,NA
13,4,1,24,2335,248050,250603,345.932 513 444 47.8229 726 446 -1.37158 733 282 334.965 639 285 18.6325 600 273 ,Click1,2,715,278,252213,NA
13,4,1,24,2335,248050,250603,345.932 513 444 47.8229 726 446 -1.37158 733 282 334.965 639 285 18.6325 600 273 ,Click1,3,697,440,252808,NA
13,4,1,24,2335,248050,250603,345.932 513 444 47.8229 726 446 -1.37158 733 282 334.965 639 285 18.6325 600 273 ,Click1,4,526,413,253326,NA
13,4,1,24,2335,248050,250603,345.932 513 444 47.8229 726 446 -1.37158 733 282 334.965 639 285 18.6325 600 273 ,Summary,NA,NA,NA,253355,0.21
13,5,3,25,2469,260255,263803,188.915 689 439 167.408 422 501 2.2044 647 383 188.923 391 225 163.158 462 339 ,Click2,1,4,4,265353,1
13,5,3,25,2469,260255,263803,188.915 689 439 167.408 422 501 2.2044 647 383 188.923 391 225 163.158 462 339 ,Click2,2,2,2,266972,1
13,5,3,26,2572,266974,269840,183.586 410 402 321.224 320 438 207.778 620 335 8.13451 463 265 347.241 300 289 ,Click2,1,2,2,270877,1
13,5,3,26,2572,266974,269840,183.586 410 402 321.224 320 438 207.778 620 335 8.13451 463 265 347.241 300 289 ,Click2,2,5,3,272678,0
13,5,3,27,2704,272680,276357,281.897 345 353 162.027 298 366 208.941 288 195 246.595 662 473 344.039 658 239 ,Click2,1,5,5,278436,1
13,5,3,27,2704,272680,276357,281.897 345 353 162.027 298 366 208.941 288 195 246.595 662 473 344.039 658 239 ,Click2,2,4,4,280576,1
13,5,3,28,2774,280579,282679,89.3251 392 378 358.838 346 397 16.6604 483 257 178.692 572 322 141.845 748 254 ,Click2,1,1,1,284049,1
13,5,3,28,2774,280579,282679,89.3251 392 378 358.838 346 397 16.6604 483 257 178.692 572 322 141.845 748 254 ,Click2,2,2,2,284692,1
13,5,3,29,2899,284695,288415,303.156 518 436 339.606 700 316 216.123 720 484 87.3126 312 382 358.012 294 395 ,Click2,1,4,3,290768,0
13,5,3,29,2899,284695,288415,303.156 518 436 339.606 700 316 216.123 720 484 87.3126 312 382 358.012 294 395 ,Click2,2,5,4,292074,0
13,5,3,30,3014,292076,295016,203.334 432 277 152.559 561 305 213.214 497 302 10.4599 515 484 331.973 577 350 ,Click2,1,1,1,296253,1
13,5,3,30,3014,292076,295016,203.334 432 277 152.559 561 305 213.214 497 302 10.4599 515 484 331.973 577 350 ,Click2,2,3,3,297843,1
13,5,3,31,3088,297845,300236,119.17 281 413 35.218 572 415 147.267 297 275 14.6463 749 494 183.1 629 262 ,Click2,1,4,4,301883,1
13,5,3,31,3088,297845,300236,119.17 281 413 35.218 572 415 147.267 297 275 14.6463 749 494 183.1 629 262 ,Click2,2,5,5,303145,1
13,5,3,32,3149,303148,304880,300.813 341 333 195.089 565 422 25.7559 439 328 240.817 718 403 189.318 461 237 ,Click2,1,5,5,307498,1
13,5,3,32,3149,303148,304880,300.813 341 333 195.089 565 422 25.7559 439 328 240.817 718 403 189.318 461 237 ,Click2,2,3,3,308565,1
13,5,3,33,3263,308567,311902,93.8712 431 395 35.5835 358 327 12.0742 749 430 59.0664 710 377 187.149 537 399 ,Click2,1,3,5,313683,0
13,5,3,33,3263,308567,311902,93.8712 431 395 35.5835 358 327 12.0742 749 430 59.0664 710 377 187.149 537 399 ,Click2,2,5,3,314885,0
13,5,3,34,3375,314886,317981,358.372 629 478 212.08 455 391 230.383 614 290 207.35 677 444 166.861 535 394 ,Click2,1,1,1,319252,1
13,5,3,34,3375,314886,317981,358.372 629 478 212.08 455 391 230.383 614 290 207.35 677 444 166.861 535 394 ,Click2,2,3,4,320589,0
13,5,3,35,3477,320591,323805,203.602 593 375 -8.72102 351 281 146.756 374 377 202.402 388 318 352.922 472 238 ,Click2,1,2,2,324808,1
13,5,3,35,3477,320591,323805,203.602 593 375 -8.72102 351 281 146.756 374 377 202.402 388 318 352.922 472 238 ,Click2,2,3,1,326226,0
13,5,3,36,3565,326229,328352,210.035 410 275 -9.96492 559 294 23.1453 512 470 249.776 648 324 133.637 525 262 ,Click2,1,1,2,329522,0
13,5,3,36,3565,326229,328352,210.035 410 275 -9.96492 559 294 23.1453 512 470 249.776 648 324 133.637 525 262 ,Click2,2,2,4,331355,0
13,5,3,37,3651,331356,333599,6.44098 500 287 203.799 449 249 288.902 699 521 185.406 513 337 76.9281 607 237 ,Click2,1,1,1,334868,1
13,5,3,37,3651,331356,333599,6.44098 500 287 203.799 449 249 288.902 699 521 185.406 513 337 76.9281 607 237 ,Click2,2,4,4,336182,1
13,5,3,38,3729,336183,338069,95.2546 566 422 54.0917 563 260 303.949 773 354 181.134 331 343 64.2158 677 403 ,Click2,1,1,1,339233,1
13,5,3,38,3729,336183,338069,95.2546 566 422 54.0917 563 260 303.949 773 354 181.134 331 343 64.2158 677 403 ,Click2,2,5,3,340312,0
13,5,3,39,3880,340314,344170,206.643 366 491 181.933 746 535 170.634 466 394 128.227 581 391 161.628 572 457 ,Click2,1,5,3,345533,0
13,5,3,39,3880,340314,344170,206.643 366 491 181.933 746 535 170.634 466 394 128.227 581 391 161.628 572 457 ,Click2,2,4,4,346306,1
13,6,5,40,4030,348750,352853,339.068 542 313 200.32 350 451 346.065 268 550 242.944 312 481 339.614 589 479 ,ANGLE,1,542,313,-69.068,-50,355725,19.068
13,6,5,41,4079,355732,357335,340.019 683 247 323.493 324 394 349.623 415 500 124.076 697 332 347.194 734 424 ,ANGLE,5,734,424,-77.1943,-53,359528,24.1943
13,6,5,42,4197,359536,362411,174.385 639 191 324.869 558 238 191.203 600 423 308.824 539 519 122.66 701 307 ,ANGLE,2,558,238,-54.8687,-48,365814,6.86866
13,6,5,43,4310,365819,369221,31.3115 521 271 37.0004 388 349 7.68461 395 397 170.405 436 482 207.362 499 447 ,ANGLE,1,521,271,238.688,219,371609,19.6885
13,6,5,44,4444,371612,375598,235.91 648 307 296.825 345 441 225.722 472 365 306.642 771 506 331.945 564 486 ,ANGLE,4,771,506,-36.642,-19,377683,17.642
13,6,5,45,4540,377686,380227,156.454 717 262 280.461 440 331 365.447 533 281 177.283 621 497 184.453 566 421 ,ANGLE,5,566,421,85.5467,100,382230,14.4533
13,6,5,46,4639,382236,385453,124.382 459 404 187.724 259 192 180.728 761 471 185.099 310 554 176.912 250 423 ,ANGLE,5,250,423,93.0884,74,387800,19.0884
13,6,5,47,4762,387807,391067,271.021 379 404 334.537 427 335 164.18 444 514 182.79 650 524 350.504 542 375 ,ANGLE,4,650,524,87.2098,82,393062,5.20983
13,6,5,48,4884,393064,395704,41.2922 516 365 59.2306 596 424 276.001 517 486 186.872 399 457 364.387 798 332 ,ANGLE,2,596,424,210.769,212,397687,1.23058
13,6,5,49,4934,397694,399222,30.6288 645 437 252.266 644 523 345.034 538 342 6.56674 301 426 178.338 650 330 ,ANGLE,3,538,342,-75.0336,-26,401119,49.0336
13,6,5,50,5001,401124,403023,279.478 749 387 180.742 489 499 123.768 558 420 8.63971 485 444 186.488 467 320 ,ANGLE,3,558,420,146.232,162,404934,15.7678
13,6,5,51,5120,404942,408550,168.102 502 446 335.068 484 406 72.4273 767 395 176.559 362 515 137.107 591 289 ,ANGLE,5,591,289,132.893,200,410670,67.1073
13,6,5,52,5253,410675,413995,334.65 383 501 348.592 798 319 154.616 582 553 122.426 378 264 151.581 330 484 ,ANGLE,5,330,484,118.419,144,416295,25.5812
13,6,5,53,5303,416299,417987,344.736 536 443 188.212 725 411 320.269 612 483 367.49 538 258 370.61 227 494 ,ANGLE,2,725,411,81.7882,61,420119,20.7882
13,6,5,54,5362,420126,422138,176.409 526 404 332.957 627 349 17.7343 449 446 142.013 732 256 349.243 425 495 ,ANGLE,4,732,256,127.987,259,424114,131.013
13,7,1,55,5482,428873,432104,334.544 525 358 188.315 413 338 124.123 528 248 364.196 456 286 277.407 692 432 ,Click1,0,525,374,434573,NA
13,7,1,55,5482,428873,432104,334.544 525 358 188.315 413 338 124.123 528 248 364.196 456 286 277.407 692 432 ,Click1,1,415,358,435070,NA
13,7,1,55,5482,428873,432104,334.544 525 358 188.315 413 338 124.123 528 248 364.196 456 286 277.407 692 432 ,Click1,2,468,312,435485,NA
13,7,1,55,5482,428873,432104,334.544 525 358 188.315 413 338 124.123 528 248 364.196 456 286 277.407 692 432 ,Click1,3,568,249,436029,NA
13,7,1,55,5482,428873,432104,334.544 525 358 188.315 413 338 124.123 528 248 364.196 456 286 277.407 692 432 ,Click1,4,693,509,436848,NA
13,7,1,55,5482,428873,432104,334.544 525 358 188.315 413 338 124.123 528 248 364.196 456 286 277.407 692 432 ,Summary,NA,NA,NA,436870,0.36
13,7,3,56,5614,438278,441965,129.608 665 420 287.56 264 517 335.521 413 400 186.28 616 253 133.295 563 362 ,Click2,1,2,2,443892,1
13,7,3,56,5614,438278,441965,129.608 665 420 287.56 264 517 335.521 413 400 186.28 616 253 133.295 563 362 ,Click2,2,1,1,445240,1
13,7,5,57,5754,445243,448306,210.401 417 337 308.449 430 266 337.767 681 261 186.651 319 197 247.308 343 499 ,ANGLE,3,681,261,-67.7671,-36,452811,31.7671
13,7,3,58,5824,452817,454480,31.4982 411 352 141.456 431 243 187.613 579 282 12.2239 391 210 327.131 380 390 ,Click2,1,5,3,456052,0
13,7,3,58,5824,452817,454480,31.4982 411 352 141.456 431 243 187.613 579 282 12.2239 391 210 327.131 380 390 ,Click2,2,2,4,457191,0
13,7,5,59,5893,457194,459181,50.1018 561 477 361.168 419 314 213.861 648 406 47.9877 553 303 304.838 458 467 ,ANGLE,4,553,303,222.012,121,463792,101.012
13,7,1,60,6013,463797,466775,186.997 800 338 12.0484 712 305 173.425 415 457 316.443 744 370 21.2263 263 409 ,Click1,0,750,348,468405,NA
13,7,1,60,6013,463797,466775,186.997 800 338 12.0484 712 305 173.425 415 457 316.443 744 370 21.2263 263 409 ,Click1,1,669,285,468886,NA
13,7,1,60,6013,463797,466775,186.997 800 338 12.0484 712 305 173.425 415 457 316.443 744 370 21.2263 263 409 ,Click1,2,684,429,469292,NA
13,7,1,60,6013,463797,466775,186.997 800 338 12.0484 712 305 173.425 415 457 316.443 744 370 21.2263 263 409 ,Click1,3,599,310,469880,NA
13,7,1,60,6013,463797,466775,186.997 800 338 12.0484 712 305 173.425 415 457 316.443 744 370 21.2263 263 409 ,Click1,4,307,470,470542,NA
13,7,1,60,6013,463797,466775,186.997 800 338 12.0484 712 305 173.425 415 457 316.443 744 370 21.2263 263 409 ,Summary,NA,NA,NA,470561,0.65
13,7,1,61,6078,472330,474010,201.976 641 297 163.592 711 331 2.82344 357 483 53.7788 685 488 2.77833 417 453 ,Click1,0,611,293,475300,NA
13,7,1,61,6078,472330,474010,201.976 641 297 163.592 711 331 2.82344 357 483 53.7788 685 488 2.77833 417 453 ,Click1,1,691,305,475672,NA
13,7,1,61,6078,472330,474010,201.976 641 297 163.592 711 331 2.82344 357 483 53.7788 685 488 2.77833 417 453 ,Click1,2,683,470,476288,NA
13,7,1,61,6078,472330,474010,201.976 641 297 163.592 711 331 2.82344 357 483 53.7788 685 488 2.77833 417 453 ,Click1,3,446,458,476921,NA
13,7,1,61,6078,472330,474010,201.976 641 297 163.592 711 331 2.82344 357 483 53.7788 685 488 2.77833 417 453 ,Click1,4,314,490,477427,NA
13,7,1,61,6078,472330,474010,201.976 641 297 163.592 711 331 2.82344 357 483 53.7788 685 488 2.77833 417 453 ,Summary,NA,NA,NA,477443,0.31
13,7,5,62,6209,478729,482327,188.262 297 211 161.384 368 418 10.9592 703 540 239.422 624 415 255.944 643 368 ,ANGLE,3,703,540,259.041,25,486112,125.959
13,7,3,63,6270,486117,487716,84.7364 254 304 294.273 218 455 229.184 775 515 219.104 519 299 210.239 572 243 ,Click2,1,3,3,491198,1
13,7,3,63,6270,486117,487716,84.7364 254 304 294.273 218 455 229.184 775 515 219.104 519 299 210.239 572 243 ,Click2,2,1,2,492863,0
13,7,3,64,6342,492865,494795,338.688 261 489 292.175 310 289 226.604 652 369 55.266 490 294 136.065 410 242 ,Click2,1,3,5,496275,0
13,7,3,64,6342,492865,494795,338.688 261 489 292.175 310 289 226.604 652 369 55.266 490 294 136.065 410 242 ,Click2,2,2,2,497488,1
13,7,1,65,6412,497491,499220,333.114 408 404 7.21413 463 331 13.5948 650 312 61.8023 573 442 348.426 373 379 ,Click1,0,426,410,500805,NA
13,7,1,65,6412,497491,499220,333.114 408 404 7.21413 463 331 13.5948 650 312 61.8023 573 442 348.426 373 379 ,Click1,1,401,360,501119,NA
13,7,1,65,6412,497491,499220,333.114 408 404 7.21413 463 331 13.5948 650 312 61.8023 573 442 348.426 373 379 ,Click1,2,480,314,501607,NA
13,7,1,65,6412,497491,499220,333.114 408 404 7.21413 463 331 13.5948 650 312 61.8023 573 442 348.426 373 379 ,Click1,3,611,464,502266,NA
13,7,1,65,6412,497491,499220,333.114 408 404 7.21413 463 331 13.5948 650 312 61.8023 573 442 348.426 373 379 ,Click1,4,707,307,502795,NA
13,7,1,65,6412,497491,499220,333.114 408 404 7.21413 463 331 13.5948 650 312 61.8023 573 442 348.426 373 379 ,Summary,NA,NA,NA,502802,0.35
13,7,3,66,6476,504474,506180,339.729 551 318 66.8265 533 473 151.391 713 382 300.484 656 537 118.261 323 351 ,Click2,1,5,4,507747,0
13,7,3,66,6476,504474,506180,339.729 551 318 66.8265 533 473 151.391 713 382 300.484 656 537 118.261 323 351 ,Click2,2,3,2,509007,0
13,7,5,67,6535,509008,510671,332.281 689 234 279.005 542 379 145.803 587 484 279.544 750 406 104.304 253 497 ,ANGLE,1,689,234,-62.2811,264,513641,33.7189
13,7,1,68,6674,513647,517444,83.9996 667 359 167.964 499 442 232.632 321 334 160.309 722 451 163.646 320 505 ,Click1,0,521,460,518825,NA
13,7,1,68,6674,513647,517444,83.9996 667 359 167.964 499 442 232.632 321 334 160.309 722 451 163.646 320 505 ,Click1,1,661,350,519344,NA
13,7,1,68,6674,513647,517444,83.9996 667 359 167.964 499 442 232.632 321 334 160.309 722 451 163.646 320 505 ,Click1,2,702,459,519884,NA
13,7,1,68,6674,513647,517444,83.9996 667 359 167.964 499 442 232.632 321 334 160.309 722 451 163.646 320 505 ,Click1,3,349,385,520536,NA
13,7,1,68,6674,513647,517444,83.9996 667 359 167.964 499 442 232.632 321 334 160.309 722 451 163.646 320 505 ,Click1,4,374,512,521077,NA
13,7,1,68,6674,513647,517444,83.9996 667 359 167.964 499 442 232.632 321 334 160.309 722 451 163.646 320 505 ,Summary,NA,NA,NA,521096,0.35
13,7,3,69,6732,522675,524227,84.5927 690 506 160.532 358 495 61.3471 277 309 163.034 573 474 274.981 264 411 ,Click2,1,5,3,526339,0
13,7,3,69,6732,522675,524227,84.5927 690 506 160.532 358 495 61.3471 277 309 163.034 573 474 274.981 264 411 ,Click2,2,4,1,527658,0
13,7,1,70,6807,527659,529708,249.638 646 446 22.4404 250 403 78.5511 345 497 363.933 575 486 30.344 276 246 ,Click1,0,572,475,531303,NA
13,7,1,70,6807,527659,529708,249.638 646 446 22.4404 250 403 78.5511 345 497 363.933 575 486 30.344 276 246 ,Click1,1,665,454,531708,NA
13,7,1,70,6807,527659,529708,249.638 646 446 22.4404 250 403 78.5511 345 497 363.933 575 486 30.344 276 246 ,Click1,2,341,499,532236,NA
13,7,1,70,6807,527659,529708,249.638 646 446 22.4404 250 403 78.5511 345 497 363.933 575 486 30.344 276 246 ,Click1,3,289,394,532775,NA
13,7,1,70,6807,527659,529708,249.638 646 446 22.4404 250 403 78.5511 345 497 363.933 575 486 30.344 276 246 ,Click1,4,311,249,533329,NA
13,7,1,70,6807,527659,529708,249.638 646 446 22.4404 250 403 78.5511 345 497 363.933 575 486 30.344 276 246 ,Summary,NA,NA,NA,533346,0.22
13,7,5,71,6896,534849,537192,173.676 538 275 16.9666 463 493 149.16 491 454 236.215 792 478 38.1451 464 380 ,ANGLE,3,491,454,120.84,138,540111,17.1603
13,7,3,72,6963,540114,541835,25.7537 405 320 197.646 499 500 234.483 775 482 220.86 686 348 204.273 464 384 ,Click2,1,1,1,543272,1
13,7,3,72,6963,540114,541835,25.7537 405 320 197.646 499 500 234.483 775 482 220.86 686 348 204.273 464 384 ,Click2,2,3,5,544974,0
13,7,3,73,7087,544977,548175,25.4633 676 477 319.864 403 521 184.799 553 321 127.488 694 271 272.718 425 386 ,Click2,1,2,2,552465,1
13,7,3,73,7087,544977,548175,25.4633 676 477 319.864 403 521 184.799 553 321 127.488 694 271 272.718 425 386 ,Click2,2,1,1,553723,1
13,7,5,74,7205,553724,556989,189.08 507 514 145.045 596 298 341.838 259 333 265.603 539 364 318.723 405 263 ,ANGLE,1,507,514,80.9204,68,560070,12.9204
13,7,5,75,7321,560076,563068,363.59 296 508 129.485 381 498 337.722 544 272 184.975 761 435 106.618 489 279 ,ANGLE,3,544,272,-67.7222,233,567370,59.2778
13,7,3,76,7449,567373,570747,237.188 506 411 290.734 350 378 159.334 711 228 350.609 661 503 243.696 236 310 ,Click2,1,5,3,572320,0
13,7,3,76,7449,567373,570747,237.188 506 411 290.734 350 378 159.334 711 228 350.609 661 503 243.696 236 310 ,Click2,2,1,2,573681,0
13,7,5,77,7585,573682,577151,60.0805 423 263 37.8241 375 309 198.901 412 392 183.964 583 437 189.73 762 561 ,ANGLE,2,375,309,232.176,250,580037,17.8241
13,7,1,78,7689,580041,582616,147.457 346 449 48.0397 576 465 38.2513 244 285 296.84 645 342 182.623 510 527 ,Click1,0,626,346,584123,NA
13,7,1,78,7689,580041,582616,147.457 346 449 48.0397 576 465 38.2513 244 285 296.84 645 342 182.623 510 527 ,Click1,1,579,507,584449,NA
13,7,1,78,7689,580041,582616,147.457 346 449 48.0397 576 465 38.2513 244 285 296.84 645 342 182.623 510 527 ,Click1,2,460,543,584976,NA
13,7,1,78,7689,580041,582616,147.457 346 449 48.0397 576 465 38.2513 244 285 296.84 645 342 182.623 510 527 ,Click1,3,336,462,585553,NA
13,7,1,78,7689,580041,582616,147.457 346 449 48.0397 576 465 38.2513 244 285 296.84 645 342 182.623 510 527 ,Click1,4,288,304,585944,NA
13,7,1,78,7689,580041,582616,147.457 346 449 48.0397 576 465 38.2513 244 285 296.84 645 342 182.623 510 527 ,Summary,NA,NA,NA,585951,0.36
13,7,5,79,7764,587252,589264,32.3068 412 548 301.052 712 454 333.105 421 319 156.878 556 359 218.852 590 297 ,ANGLE,4,556,359,113.122,-50,594471,163.122
13,7,1,80,7895,594476,598001,265.378 222 437 63.4458 611 217 170.1 643 275 138.847 264 548 61.1505 646 501 ,Click1,0,247,437,599276,NA
13,7,1,80,7895,594476,598001,265.378 222 437 63.4458 611 217 170.1 643 275 138.847 264 548 61.1505 646 501 ,Click1,1,306,528,599590,NA
13,7,1,80,7895,594476,598001,265.378 222 437 63.4458 611 217 170.1 643 275 138.847 264 548 61.1505 646 501 ,Click1,2,624,214,600839,NA
13,7,1,80,7895,594476,598001,265.378 222 437 63.4458 611 217 170.1 643 275 138.847 264 548 61.1505 646 501 ,Click1,3,502,273,601402,NA
13,7,1,80,7895,594476,598001,265.378 222 437 63.4458 611 217 170.1 643 275 138.847 264 548 61.1505 646 501 ,Click1,4,663,406,602042,NA
13,7,1,80,7895,594476,598001,265.378 222 437 63.4458 611 217 170.1 643 275 138.847 264 548 61.1505 646 501 ,Summary,NA,NA,NA,602049,0.55
13,7,5,81,8047,603686,607660,7.23232 445 289 199.956 700 543 238.103 400 371 357.496 600 537 220.949 427 338 ,ANGLE,2,700,543,70.0443,84,610482,13.9557
13,7,3,82,8138,610489,612927,61.8585 639 383 230.017 499 413 15.9293 458 330 269.516 437 379 38.8174 284 207 ,Click2,1,1,1,614429,1
13,7,3,82,8138,610489,612927,61.8585 639 383 230.017 499 413 15.9293 458 330 269.516 437 379 38.8174 284 207 ,Click2,2,3,3,615746,1
13,7,3,83,8256,615747,618780,140.988 730 330 45.016 463 330 155.846 662 452 87.7757 469 470 178.735 636 272 ,Click2,1,4,5,624412,0
13,7,3,83,8256,615747,618780,140.988 730 330 45.016 463 330 155.846 662 452 87.7757 469 470 178.735 636 272 ,Click2,2,5,4,625038,0
13,7,3,84,8372,625039,627871,158.261 491 471 36.3608 692 484 156.585 390 509 284.47 423 421 176.245 359 296 ,Click2,1,4,3,629608,0
13,7,3,84,8372,625039,627871,158.261 491 471 36.3608 692 484 156.585 390 509 284.47 423 421 176.245 359 296 ,Click2,2,1,4,631260,0
13,7,1,85,8522,631260,634642,334.178 599 405 229.133 427 362 341.805 568 233 131.346 354 326 7.06099 626 373 ,Click1,0,426,380,636074,NA
13,7,1,85,8522,631260,634642,334.178 599 405 229.133 427 362 341.805 568 233 131.346 354 326 7.06099 626 373 ,Click1,1,364,329,636480,NA
13,7,1,85,8522,631260,634642,334.178 599 405 229.133 427 362 341.805 568 233 131.346 354 326 7.06099 626 373 ,Click1,2,566,242,637031,NA
13,7,1,85,8522,631260,634642,334.178 599 405 229.133 427 362 341.805 568 233 131.346 354 326 7.06099 626 373 ,Click1,3,524,278,637462,NA
13,7,1,85,8522,631260,634642,334.178 599 405 229.133 427 362 341.805 568 233 131.346 354 326 7.06099 626 373 ,Click1,4,647,421,637955,NA
13,7,1,85,8522,631260,634642,334.178 599 405 229.133 427 362 341.805 568 233 131.346 354 326 7.06099 626 373 ,Summary,NA,NA,NA,637977,0.29
13,7,1,86,8595,639598,641304,348.388 751 336 54.0777 343 277 163.333 575 207 146.438 225 433 129.45 543 401 ,Click1,0,329,302,642825,NA
13,7,1,86,8595,639598,641304,348.388 751 336 54.0777 343 277 163.333 575 207 146.438 225 433 129.45 543 401 ,Click1,1,259,382,643442,NA
13,7,1,86,8595,639598,641304,348.388 751 336 54.0777 343 277 163.333 575 207 146.438 225 433 129.45 543 401 ,Click1,2,738,355,644166,NA
13,7,1,86,8595,639598,641304,348.388 751 336 54.0777 343 277 163.333 575 207 146.438 225 433 129.45 543 401 ,Click1,3,581,214,644760,NA
13,7,1,86,8595,639598,641304,348.388 751 336 54.0777 343 277 163.333 575 207 146.438 225 433 129.45 543 401 ,Click1,4,545,398,645300,NA
13,7,1,86,8595,639598,641304,348.388 751 336 54.0777 343 277 163.333 575 207 146.438 225 433 129.45 543 401 ,Summary,NA,NA,NA,645306,0.25
13,7,3,87,8754,646798,650563,167.42 548 410 207.411 390 428 24.8344 344 288 121.535 491 344 323.531 415 527 ,Click2,1,5,3,653592,0
13,7,3,87,8754,646798,650563,167.42 548 410 207.411 390 428 24.8344 344 288 121.535 491 344 323.531 415 527 ,Click2,2,3,1,655132,0
13,7,1,88,8886,655135,658610,33.7432 423 472 341.433 506 481 243.277 447 249 210.261 732 479 318.499 696 332 ,Click1,0,507,492,659925,NA
13,7,1,88,8886,655135,658610,33.7432 423 472 341.433 506 481 243.277 447 249 210.261 732 479 318.499 696 332 ,Click1,1,414,455,660366,NA
13,7,1,88,8886,655135,658610,33.7432 423 472 341.433 506 481 243.277 447 249 210.261 732 479 318.499 696 332 ,Click1,2,403,278,660983,NA
13,7,1,88,8886,655135,658610,33.7432 423 472 341.433 506 481 243.277 447 249 210.261 732 479 318.499 696 332 ,Click1,3,636,320,661556,NA
13,7,1,88,8886,655135,658610,33.7432 423 472 341.433 506 481 243.277 447 249 210.261 732 479 318.499 696 332 ,Click1,4,643,495,662030,NA
13,7,1,88,8886,655135,658610,33.7432 423 472 341.433 506 481 243.277 447 249 210.261 732 479 318.499 696 332 ,Summary,NA,NA,NA,662054,0.47
13,7,1,89,9009,663280,667036,235.729 362 339 219.522 646 365 46.5401 645 480 322.898 595 504 150.269 597 427 ,Click1,0,336,336,668509,NA
13,7,1,89,9009,663280,667036,235.729 362 339 219.522 646 365 46.5401 645 480 322.898 595 504 150.269 597 427 ,Click1,1,646,371,669264,NA
13,7,1,89,9009,663280,667036,235.729 362 339 219.522 646 365 46.5401 645 480 322.898 595 504 150.269 597 427 ,Click1,2,579,439,669545,NA
13,7,1,89,9009,663280,667036,235.729 362 339 219.522 646 365 46.5401 645 480 322.898 595 504 150.269 597 427 ,Click1,3,635,491,669870,NA
13,7,1,89,9009,663280,667036,235.729 362 339 219.522 646 365 46.5401 645 480 322.898 595 504 150.269 597 427 ,Click1,4,668,457,670107,NA
13,7,1,89,9009,663280,667036,235.729 362 339 219.522 646 365 46.5401 645 480 322.898 595 504 150.269 597 427 ,Summary,NA,NA,NA,670112,0.21
13,7,3,90,9123,671955,675149,42.5869 432 436 87.286 452 328 227.112 588 379 175.414 742 335 197.036 757 306 ,Click2,1,2,2,676981,1
13,7,3,90,9123,671955,675149,42.5869 432 436 87.286 452 328 227.112 588 379 175.414 742 335 197.036 757 306 ,Click2,2,3,3,679199,1
13,7,1,91,9194,679201,680821,274.658 528 560 103.589 437 485 226.791 495 251 185.722 588 319 204.252 604 268 ,Click1,0,452,536,682337,NA
13,7,1,91,9194,679201,680821,274.658 528 560 103.589 437 485 226.791 495 251 185.722 588 319 204.252 604 268 ,Click1,1,388,353,682864,NA
13,7,1,91,9194,679201,680821,274.658 528 560 103.589 437 485 226.791 495 251 185.722 588 319 204.252 604 268 ,Click1,2,676,332,683596,NA
13,7,1,91,9194,679201,680821,274.658 528 560 103.589 437 485 226.791 495 251 185.722 588 319 204.252 604 268 ,Click1,3,604,429,683844,NA
13,7,1,91,9194,679201,680821,274.658 528 560 103.589 437 485 226.791 495 251 185.722 588 319 204.252 604 268 ,Click1,4,688,430,684070,NA
13,7,1,91,9194,679201,680821,274.658 528 560 103.589 437 485 226.791 495 251 185.722 588 319 204.252 604 268 ,Summary,NA,NA,NA,684079,1.01
13,7,5,92,9339,685275,689086,142.912 564 265 69.7564 275 309 119.774 662 384 357.499 264 215 141.17 738 254 ,ANGLE,4,264,215,-87.4988,69,692240,156.499
13,7,3,93,9431,692245,695287,138.275 366 488 2.9116 343 385 217.025 447 374 173.256 424 190 152.411 503 439 ,Click2,1,2,2,696400,1
13,7,3,93,9431,692245,695287,138.275 366 488 2.9116 343 385 217.025 447 374 173.256 424 190 152.411 503 439 ,Click2,2,1,1,697185,1
13,7,5,94,9575,697185,701038,6.43756 734 531 315.42 669 273 43.5239 619 466 222.627 746 312 51.8776 473 346 ,ANGLE,1,734,531,263.562,-38,704170,58.4376
13,7,5,95,9708,704173,707504,282.551 672 349 177.369 508 242 1.12832 419 440 123.754 506 424 211.727 558 544 ,ANGLE,2,508,242,92.6309,106,709677,13.3691
13,7,5,96,9761,709684,711422,188.996 508 313 181.953 342 272 10.3434 587 448 219.814 389 329 207.706 427 439 ,ANGLE,3,587,448,259.657,256,714052,3.65662
13,7,1,97,9837,714055,716100,193.231 313 271 352.038 477 263 6.58686 787 456 -9.1773 421 404 224.729 274 310 ,Click1,0,397,422,717438,NA
13,7,1,97,9837,714055,716100,193.231 313 271 352.038 477 263 6.58686 787 456 -9.1773 421 404 224.729 274 310 ,Click1,1,300,323,718034,NA
13,7,1,97,9837,714055,716100,193.231 313 271 352.038 477 263 6.58686 787 456 -9.1773 421 404 224.729 274 310 ,Click1,2,321,244,718595,NA
13,7,1,97,9837,714055,716100,193.231 313 271 352.038 477 263 6.58686 787 456 -9.1773 421 404 224.729 274 310 ,Click1,3,499,263,719152,NA
13,7,1,97,9837,714055,716100,193.231 313 271 352.038 477 263 6.58686 787 456 -9.1773 421 404 224.729 274 310 ,Click1,4,688,481,719945,NA
13,7,1,97,9837,714055,716100,193.231 313 271 352.038 477 263 6.58686 787 456 -9.1773 421 404 224.729 274 310 ,Summary,NA,NA,NA,719969,0.42
13,7,5,98,9906,721444,723209,345.711 481 234 344.966 649 248 193.172 631 420 359.644 593 405 359.456 379 275 ,ANGLE,2,649,248,-74.9661,-88,726000,13.0339
13,7,1,99,10023,726007,729565,118.167 360 488 151.484 647 328 363.884 590 569 143.977 497 475 171.304 531 385 ,Click1,0,484,526,730849,NA
13,7,1,99,10023,726007,729565,118.167 360 488 151.484 647 328 363.884 590 569 143.977 497 475 171.304 531 385 ,Click1,1,343,486,731430,NA
13,7,1,99,10023,726007,729565,118.167 360 488 151.484 647 328 363.884 590 569 143.977 497 475 171.304 531 385 ,Click1,2,457,361,732107,NA
13,7,1,99,10023,726007,729565,118.167 360 488 151.484 647 328 363.884 590 569 143.977 497 475 171.304 531 385 ,Click1,3,599,272,732566,NA
13,7,1,99,10023,726007,729565,118.167 360 488 151.484 647 328 363.884 590 569 143.977 497 475 171.304 531 385 ,Click1,4,665,551,733356,NA
13,7,1,99,10023,726007,729565,118.167 360 488 151.484 647 328 363.884 590 569 143.977 497 475 171.304 531 385 ,Summary,NA,NA,NA,733379,0.6
